fra;vaccin;jour;n_dose1;n_dose2;n_dose3;n_dose4;n_rappel;n_cum_dose1;n_cum_dose2;n_cum_dose3;n_cum_dose4;n_cum_rappel
FR;1;2020-12-27;432;0;0;0;0;432;0;0;0;0
FR;1;2020-12-28;453;0;0;0;0;885;0;0;0;0
FR;1;2020-12-29;286;0;0;0;0;1171;0;0;0;0
FR;1;2020-12-30;340;0;0;0;0;1511;0;0;0;0
FR;1;2020-12-31;275;0;0;0;0;1786;0;0;0;0
FR;1;2021-01-01;318;0;0;0;0;2104;0;0;0;0
FR;1;2021-01-02;257;0;0;0;0;2361;0;0;0;0
FR;1;2021-01-03;285;0;0;0;0;2646;0;0;0;0
FR;1;2021-01-04;1798;0;0;0;0;4444;0;0;0;0
FR;1;2021-01-05;5740;0;0;0;0;10184;0;0;0;0
FR;1;2021-01-06;11635;0;0;0;0;21819;0;0;0;0
FR;1;2021-01-07;29104;0;0;0;0;50923;0;0;0;0
FR;1;2021-01-08;36768;0;0;0;0;87691;0;0;0;0
FR;1;2021-01-09;11105;0;0;0;0;98796;0;0;0;0
FR;1;2021-01-10;5778;0;0;0;0;104574;0;0;0;0
FR;1;2021-01-11;39673;0;0;0;0;144247;0;0;0;0
FR;1;2021-01-12;61731;0;0;0;0;205978;0;0;0;0
FR;1;2021-01-13;64683;0;0;0;0;270661;0;0;0;0
FR;1;2021-01-14;80966;0;0;0;0;351627;0;0;0;0
FR;1;2021-01-15;68241;0;0;0;0;419868;0;0;0;0
FR;1;2021-01-16;19784;86;0;0;0;439652;86;0;0;0
FR;1;2021-01-17;10798;41;0;0;0;450450;127;0;0;0
FR;1;2021-01-18;82447;159;0;0;0;532897;286;0;0;0
FR;1;2021-01-19;125546;124;0;0;0;658443;410;0;0;0
FR;1;2021-01-20;132027;154;0;0;0;790470;564;0;0;0
FR;1;2021-01-21;152455;129;0;0;0;942925;693;0;0;0
FR;1;2021-01-22;115493;160;0;0;0;1058418;853;0;0;0
FR;1;2021-01-23;36454;50;0;0;0;1094872;903;0;0;0
FR;1;2021-01-24;9484;27;0;0;0;1104356;930;0;0;0
FR;1;2021-01-25;74066;1210;0;0;0;1178422;2140;0;0;0
FR;1;2021-01-26;96179;3104;0;0;0;1274601;5244;0;0;0
FR;1;2021-01-27;103389;5584;0;0;0;1377990;10828;0;0;0
FR;1;2021-01-28;120296;14335;0;0;0;1498286;25163;0;0;0
FR;1;2021-01-29;88604;17256;0;0;0;1586890;42419;0;0;0
FR;1;2021-01-30;27857;4218;0;0;0;1614747;46637;0;0;0
FR;1;2021-01-31;5085;1677;0;0;0;1619832;48314;0;0;0
FR;1;2021-02-01;49004;21097;0;0;0;1668836;69411;0;0;0
FR;1;2021-02-02;67370;34523;0;0;0;1736206;103934;0;0;0
FR;1;2021-02-03;66753;36926;0;0;0;1802959;140860;0;0;0
FR;1;2021-02-04;76698;49991;0;0;0;1879657;190851;0;0;0
FR;1;2021-02-05;63135;45269;0;0;0;1942792;236120;0;0;0
FR;1;2021-02-06;19284;10379;0;0;0;1962076;246499;0;0;0
FR;1;2021-02-07;3591;5034;0;0;0;1965667;251533;0;0;0
FR;1;2021-02-08;36240;45918;0;0;0;2001907;297451;0;0;0
FR;1;2021-02-09;50537;72310;0;0;0;2052444;369761;0;0;0
FR;1;2021-02-10;51597;76595;0;0;0;2104041;446356;0;0;0
FR;1;2021-02-11;63018;98954;0;0;0;2167059;545310;0;0;0
FR;1;2021-02-12;55503;73913;0;0;0;2222562;619223;0;0;0
FR;1;2021-02-13;15350;19250;0;0;0;2237912;638473;0;0;0
FR;1;2021-02-14;3616;7184;0;0;0;2241528;645657;0;0;0
FR;1;2021-02-15;23895;73361;0;0;0;2265423;719018;0;0;0
FR;1;2021-02-16;32453;96722;0;0;0;2297876;815740;0;0;0
FR;1;2021-02-17;34800;98484;1;0;0;2332676;914224;1;0;0
FR;1;2021-02-18;49008;113299;0;0;0;2381684;1027523;1;0;0
FR;1;2021-02-19;45101;86334;0;0;0;2426785;1113857;1;0;0
FR;1;2021-02-20;13258;26881;0;0;0;2440043;1140738;1;0;0
FR;1;2021-02-21;2335;6282;0;0;0;2442378;1147020;1;0;0
FR;1;2021-02-22;24454;69338;1;0;0;2466832;1216358;2;0;0
FR;1;2021-02-23;37160;80286;1;0;0;2503992;1296644;3;0;0
FR;1;2021-02-24;40282;77575;1;0;0;2544274;1374219;4;0;0
FR;1;2021-02-25;49791;87885;1;0;0;2594065;1462104;5;0;0
FR;1;2021-02-26;46795;67805;0;0;0;2640860;1529909;5;0;0
FR;1;2021-02-27;15511;20911;0;0;0;2656371;1550820;5;0;0
FR;1;2021-02-28;3434;4381;1;0;0;2659805;1555201;6;0;0
FR;1;2021-03-01;39465;48960;0;0;0;2699270;1604161;6;0;0
FR;1;2021-03-02;55512;61448;1;0;0;2754782;1665609;7;0;0
FR;1;2021-03-03;60530;60587;0;0;0;2815312;1726196;7;0;0
FR;1;2021-03-04;72419;64834;2;0;0;2887731;1791030;9;0;0
FR;1;2021-03-05;74114;59216;3;0;0;2961845;1850246;12;0;0
FR;1;2021-03-06;82105;16077;2;0;0;3043950;1866323;14;0;0
FR;1;2021-03-07;63448;5410;0;0;0;3107398;1871733;14;0;0
FR;1;2021-03-08;59635;42436;0;0;0;3167033;1914169;14;0;0
FR;1;2021-03-09;85436;48278;0;0;0;3252469;1962447;14;0;0
FR;1;2021-03-10;90100;48005;3;0;0;3342569;2010452;17;0;0
FR;1;2021-03-11;104307;53803;0;0;0;3446876;2064255;17;0;0
FR;1;2021-03-12;103389;45250;0;0;0;3550265;2109505;17;0;0
FR;1;2021-03-13;88604;12730;0;0;0;3638869;2122235;17;0;0
FR;1;2021-03-14;44164;3024;0;0;0;3683033;2125259;17;0;0
FR;1;2021-03-15;94825;29092;1;0;0;3777858;2154351;18;0;0
FR;1;2021-03-16;122998;34855;1;0;0;3900856;2189206;19;0;0
FR;1;2021-03-17;128714;34795;2;0;0;4029570;2224001;21;0;0
FR;1;2021-03-18;142235;39669;1;0;0;4171805;2263670;22;0;0
FR;1;2021-03-19;135616;32861;0;0;0;4307421;2296531;22;0;0
FR;1;2021-03-20;75613;10193;0;0;0;4383034;2306724;22;0;0
FR;1;2021-03-21;26219;2474;1;0;0;4409253;2309198;23;0;0
FR;1;2021-03-22;114079;31150;1;0;0;4523332;2340348;24;0;0
FR;1;2021-03-23;142288;38129;1;0;0;4665620;2378477;25;0;0
FR;1;2021-03-24;141231;38728;0;0;0;4806851;2417205;25;0;0
FR;1;2021-03-25;164297;39576;2;0;0;4971148;2456781;27;0;0
FR;1;2021-03-26;165738;37443;1;0;0;5136886;2494224;28;0;0
FR;1;2021-03-27;110490;15239;0;0;0;5247376;2509463;28;0;0
FR;1;2021-03-28;42061;3617;2;0;0;5289437;2513080;30;0;0
FR;1;2021-03-29;129306;49918;1;0;0;5418743;2562998;31;0;0
FR;1;2021-03-30;166880;63508;3;0;0;5585623;2626506;34;0;0
FR;1;2021-03-31;170097;66846;3;0;0;5755720;2693352;37;0;0
FR;1;2021-04-01;193092;79167;6;0;0;5948812;2772519;43;0;0
FR;1;2021-04-02;163560;84252;5;0;0;6112372;2856771;48;0;0
FR;1;2021-04-03;87668;58122;3;0;0;6200040;2914893;51;0;0
FR;1;2021-04-04;32695;17717;0;0;0;6232735;2932610;51;0;0
FR;1;2021-04-05;43096;10162;5;0;0;6275831;2942772;56;0;0
FR;1;2021-04-06;159167;100792;8;0;0;6434998;3043564;64;0;0
FR;1;2021-04-07;195590;108171;6;0;0;6630588;3151735;70;0;0
FR;1;2021-04-08;220513;112310;6;0;0;6851101;3264045;76;0;0
FR;1;2021-04-09;213153;107425;6;0;0;7064254;3371470;82;0;0
FR;1;2021-04-10;116495;73414;9;0;0;7180749;3444884;91;0;0
FR;1;2021-04-11;40449;30262;3;0;0;7221198;3475146;94;0;0
FR;1;2021-04-12;167367;103713;30;0;0;7388565;3578859;124;0;0
FR;1;2021-04-13;202491;128152;60;0;0;7591056;3707011;184;0;0
FR;1;2021-04-14;206854;122719;130;0;0;7797910;3829730;314;0;0
FR;1;2021-04-15;219672;126683;165;0;0;8017582;3956413;479;0;0
FR;1;2021-04-16;204951;125071;192;0;0;8222533;4081484;671;0;0
FR;1;2021-04-17;121442;67437;55;0;0;8343975;4148921;726;0;0
FR;1;2021-04-18;35560;20989;22;0;0;8379535;4169910;748;0;0
FR;1;2021-04-19;162701;121830;338;0;0;8542236;4291740;1086;0;0
FR;1;2021-04-20;187991;148687;375;0;0;8730227;4440427;1461;0;0
FR;1;2021-04-21;192606;146636;534;0;0;8922833;4587063;1995;0;0
FR;1;2021-04-22;207632;162531;518;0;0;9130465;4749594;2513;0;0
FR;1;2021-04-23;197783;156851;443;0;0;9328248;4906445;2956;0;0
FR;1;2021-04-24;125549;95465;76;0;0;9453797;5001910;3032;0;0
FR;1;2021-04-25;53188;30118;27;0;0;9506985;5032028;3059;0;0
FR;1;2021-04-26;180170;138192;348;0;0;9687155;5170220;3407;0;0
FR;1;2021-04-27;220028;161881;601;0;0;9907183;5332101;4008;0;0
FR;1;2021-04-28;237030;155041;1030;0;0;10144213;5487142;5038;0;0
FR;1;2021-04-29;268719;159982;865;0;0;10412932;5647124;5903;0;0
FR;1;2021-04-30;270435;148079;722;0;0;10683367;5795203;6625;0;0
FR;1;2021-05-01;138953;40696;109;0;0;10822320;5835899;6734;0;0
FR;1;2021-05-02;80817;28149;49;0;0;10903137;5864048;6783;0;0
FR;1;2021-05-03;248278;146394;542;0;0;11151415;6010442;7325;0;0
FR;1;2021-05-04;263401;186783;816;0;0;11414816;6197225;8141;0;0
FR;1;2021-05-05;280489;184508;785;0;0;11695305;6381733;8926;0;0
FR;1;2021-05-06;307021;182957;1044;0;0;12002326;6564690;9970;0;0
FR;1;2021-05-07;282022;195665;722;0;0;12284348;6760355;10692;0;0
FR;1;2021-05-08;190606;48321;150;0;0;12474954;6808676;10842;0;0
FR;1;2021-05-09;113461;36199;96;0;0;12588415;6844875;10938;0;0
FR;1;2021-05-10;254414;194194;718;0;0;12842829;7039069;11656;0;0
FR;1;2021-05-11;316408;211323;962;0;0;13159237;7250392;12618;0;0
FR;1;2021-05-12;353520;185843;814;0;0;13512757;7436235;13432;0;0
FR;1;2021-05-13;281032;47623;240;0;0;13793789;7483858;13672;0;0
FR;1;2021-05-14;367619;128809;614;0;0;14161408;7612667;14286;0;0
FR;1;2021-05-15;295293;66128;217;0;0;14456701;7678795;14503;0;0
FR;1;2021-05-16;156834;15572;89;0;0;14613535;7694367;14592;0;0
FR;1;2021-05-17;316665;116643;883;0;0;14930200;7811010;15475;0;0
FR;1;2021-05-18;379872;111283;1132;0;0;15310072;7922293;16607;0;0
FR;1;2021-05-19;392766;102866;1442;0;0;15702838;8025159;18049;0;0
FR;1;2021-05-20;418760;96280;1253;0;0;16121598;8121439;19302;0;0
FR;1;2021-05-21;397173;97337;1070;0;0;16518771;8218776;20372;0;0
FR;1;2021-05-22;274125;42062;365;0;0;16792896;8260838;20737;0;0
FR;1;2021-05-23;122354;11202;139;0;0;16915250;8272040;20876;0;0
FR;1;2021-05-24;242688;26290;343;0;0;17157938;8298330;21219;0;0
FR;1;2021-05-25;363669;131894;1311;0;0;17521607;8430224;22530;0;0
FR;1;2021-05-26;378433;125647;1299;0;0;17900040;8555871;23829;0;0
FR;1;2021-05-27;403702;128171;1287;0;0;18303742;8684042;25116;0;0
FR;1;2021-05-28;363856;145495;1040;0;0;18667598;8829537;26156;0;0
FR;1;2021-05-29;252765;80955;319;0;0;18920363;8910492;26475;0;0
FR;1;2021-05-30;100284;22560;96;0;0;19020647;8933052;26571;0;0
FR;1;2021-05-31;312467;148770;814;0;0;19333114;9081822;27385;0;0
FR;1;2021-06-01;353804;166728;1104;0;0;19686918;9248550;28489;0;0
FR;1;2021-06-02;358176;153201;1122;0;0;20045094;9401751;29611;0;0
FR;1;2021-06-03;384551;147712;979;0;0;20429645;9549463;30590;0;0
FR;1;2021-06-04;359884;175608;910;0;0;20789529;9725071;31500;0;0
FR;1;2021-06-05;256364;112765;369;0;0;21045893;9837836;31869;0;0
FR;1;2021-06-06;125216;37519;134;0;0;21171109;9875355;32003;0;0
FR;1;2021-06-07;296118;208133;837;0;0;21467227;10083488;32840;0;0
FR;1;2021-06-08;327205;221025;948;0;0;21794432;10304513;33788;0;0
FR;1;2021-06-09;332596;212636;1020;0;0;22127028;10517149;34808;0;0
FR;1;2021-06-10;338447;202223;1060;0;0;22465475;10719372;35868;0;0
FR;1;2021-06-11;309316;235483;763;0;0;22774791;10954855;36631;0;0
FR;1;2021-06-12;242268;150814;251;0;0;23017059;11105669;36882;0;0
FR;1;2021-06-13;99507;61059;107;0;0;23116566;11166728;36989;0;0
FR;1;2021-06-14;205401;289093;818;0;0;23321967;11455821;37807;0;0
FR;1;2021-06-15;253654;282473;854;1;1;23575621;11738294;38661;1;1
FR;1;2021-06-16;270631;270512;815;0;0;23846252;12008806;39476;1;1
FR;1;2021-06-17;265384;244464;738;0;0;24111636;12253270;40214;1;1
FR;1;2021-06-18;258195;296045;666;1;1;24369831;12549315;40880;2;2
FR;1;2021-06-19;192298;209630;229;0;0;24562129;12758945;41109;2;2
FR;1;2021-06-20;68881;89164;65;0;0;24631010;12848109;41174;2;2
FR;1;2021-06-21;170203;320052;570;0;0;24801213;13168161;41744;2;2
FR;1;2021-06-22;183780;347738;672;1;1;24984993;13515899;42416;3;3
FR;1;2021-06-23;201767;339441;669;0;0;25186760;13855340;43085;3;3
FR;1;2021-06-24;201322;281802;713;0;0;25388082;14137142;43798;3;3
FR;1;2021-06-25;179872;371954;732;0;0;25567954;14509096;44530;3;3
FR;1;2021-06-26;130244;278413;284;0;0;25698198;14787509;44814;3;3
FR;1;2021-06-27;51833;123026;82;0;0;25750031;14910535;44896;3;3
FR;1;2021-06-28;135028;368431;678;0;0;25885059;15278966;45574;3;3
FR;1;2021-06-29;153378;389607;1716;0;0;26038437;15668573;47290;3;3
FR;1;2021-06-30;178122;378387;1564;2;2;26216559;16046960;48854;5;5
FR;1;2021-07-01;195680;332176;1811;1;1;26412239;16379136;50665;6;6
FR;1;2021-07-02;188844;367813;1693;3;3;26601083;16746949;52358;9;9
FR;1;2021-07-03;122857;280573;686;1;1;26723940;17027522;53044;10;10
FR;1;2021-07-04;53340;113752;239;0;0;26777280;17141274;53283;10;10
FR;1;2021-07-05;150286;356231;1431;3;3;26927566;17497505;54714;13;13
FR;1;2021-07-06;170853;382761;1521;6;6;27098419;17880266;56235;19;19
FR;1;2021-07-07;187152;362763;1535;3;3;27285571;18243029;57770;22;22
FR;1;2021-07-08;198891;323136;1756;0;0;27484462;18566165;59526;22;22
FR;1;2021-07-09;187869;386739;1786;1;1;27672331;18952904;61312;23;23
FR;1;2021-07-10;128453;281023;780;0;0;27800784;19233927;62092;23;23
FR;1;2021-07-11;57032;102475;250;0;0;27857816;19336402;62342;23;23
FR;1;2021-07-12;147477;417030;1542;3;3;28005293;19753432;63884;26;26
FR;1;2021-07-13;232229;439682;1744;3;3;28237522;20193114;65628;29;29
FR;1;2021-07-14;170197;151623;404;0;0;28407719;20344737;66032;29;29
FR;1;2021-07-15;277120;424724;1782;1;1;28684839;20769461;67814;30;30
FR;1;2021-07-16;288355;401362;1648;1;1;28973194;21170823;69462;31;31
FR;1;2021-07-17;216251;282296;718;1;1;29189445;21453119;70180;32;32
FR;1;2021-07-18;101552;107457;283;0;0;29290997;21560576;70463;32;32
FR;1;2021-07-19;236549;379438;1453;2;2;29527546;21940014;71916;34;34
FR;1;2021-07-20;303757;381272;1410;0;0;29831303;22321286;73326;34;34
FR;1;2021-07-21;331315;353792;1365;2;2;30162618;22675078;74691;36;36
FR;1;2021-07-22;362480;319445;1455;1;1;30525098;22994523;76146;37;37
FR;1;2021-07-23;346089;343166;1522;3;3;30871187;23337689;77668;40;40
FR;1;2021-07-24;238357;241339;666;0;0;31109544;23579028;78334;40;40
FR;1;2021-07-25;112376;76150;211;0;0;31221920;23655178;78545;40;40
FR;1;2021-07-26;297896;290427;1455;1;1;31519816;23945605;80000;41;41
FR;1;2021-07-27;383863;268898;1413;3;3;31903679;24214503;81413;44;44
FR;1;2021-07-28;388287;251527;1428;1;1;32291966;24466030;82841;45;45
FR;1;2021-07-29;404021;227889;1502;1;1;32695987;24693919;84343;46;46
FR;1;2021-07-30;369057;246683;1598;3;3;33065044;24940602;85941;49;49
FR;1;2021-07-31;242779;164963;768;0;0;33307823;25105565;86709;49;49
FR;1;2021-08-01;104111;47210;209;0;0;33411934;25152775;86918;49;49
FR;1;2021-08-02;293474;212767;1435;1;1;33705408;25365542;88353;50;50
FR;1;2021-08-03;327375;209266;1472;0;0;34032783;25574808;89825;50;50
FR;1;2021-08-04;325735;184321;1379;0;0;34358518;25759129;91204;50;50
FR;1;2021-08-05;298993;193173;1432;0;0;34657511;25952302;92636;50;50
FR;1;2021-08-06;288905;224522;1512;0;0;34946416;26176824;94148;50;50
FR;1;2021-08-07;181440;158800;633;1;1;35127856;26335624;94781;51;51
FR;1;2021-08-08;67849;59105;220;0;0;35195705;26394729;95001;51;51
FR;1;2021-08-09;221038;235970;1390;2;2;35416743;26630699;96391;53;53
FR;1;2021-08-10;249710;240776;1424;1;1;35666453;26871475;97815;54;54
FR;1;2021-08-11;233874;232491;1204;1;1;35900327;27103966;99019;55;55
FR;1;2021-08-12;218908;239801;1424;0;0;36119235;27343767;100443;55;55
FR;1;2021-08-13;200191;236766;1320;1;1;36319426;27580533;101763;56;56
FR;1;2021-08-14;122098;174411;620;0;0;36441524;27754944;102383;56;56
FR;1;2021-08-15;34263;46197;168;1;1;36475787;27801141;102551;57;57
FR;1;2021-08-16;155355;289902;1350;0;0;36631142;28091043;103901;57;57
FR;1;2021-08-17;170133;291790;1365;2;2;36801275;28382833;105266;59;59
FR;1;2021-08-18;159731;286919;1342;2;2;36961006;28669752;106608;61;61
FR;1;2021-08-19;147543;277283;1332;1;1;37108549;28947035;107940;62;62
FR;1;2021-08-20;138715;307738;1433;0;0;37247264;29254773;109373;62;62
FR;1;2021-08-21;83620;213126;548;0;0;37330884;29467899;109921;62;62
FR;1;2021-08-22;28305;82703;203;0;0;37359189;29550602;110124;62;62
FR;1;2021-08-23;117721;320864;1372;2;2;37476910;29871466;111496;64;64
FR;1;2021-08-24;125567;319767;1538;1;1;37602477;30191233;113034;65;65
FR;1;2021-08-25;119951;306209;1700;2;2;37722428;30497442;114734;67;67
FR;1;2021-08-26;105329;285423;2097;6;6;37827757;30782865;116831;73;73
FR;1;2021-08-27;106235;320644;2252;4;4;37933992;31103509;119083;77;77
FR;1;2021-08-28;70446;220705;1059;0;0;38004438;31324214;120142;77;77
FR;1;2021-08-29;23884;77948;436;1;1;38028322;31402162;120578;78;78
FR;1;2021-08-30;95771;286148;4238;1;5272;38124093;31688310;124816;79;5350
FR;1;2021-08-31;97273;276298;9118;5;10313;38221366;31964608;133934;84;15663
FR;1;2021-09-01;105217;244651;20635;3;21568;38326583;32209259;154569;87;37231
FR;1;2021-09-02;78988;197699;23960;7;25010;38405571;32406958;178529;94;62241
FR;1;2021-09-03;79734;227274;26538;19;27710;38485305;32634232;205067;113;89951
FR;1;2021-09-04;70484;189576;10979;8;11478;38555789;32823808;216046;121;101429
FR;1;2021-09-05;18294;41202;4033;0;4215;38574083;32865010;220079;121;105644
FR;1;2021-09-06;56171;151492;29806;11;30840;38630254;33016502;249885;132;136484
FR;1;2021-09-07;52167;139484;29600;15;30570;38682421;33155986;279485;147;167054
FR;1;2021-09-08;67910;173478;26502;10;27366;38750331;33329464;305987;157;194420
FR;1;2021-09-09;50638;123938;27576;11;28631;38800969;33453402;333563;168;223051
FR;1;2021-09-10;62917;151541;29453;12;30616;38863886;33604943;363016;180;253667
FR;1;2021-09-11;51090;146448;9539;6;10013;38914976;33751391;372555;186;263680
FR;1;2021-09-12;10403;29186;2400;1;2552;38925379;33780577;374955;187;266232
FR;1;2021-09-13;49596;104404;37654;23;38842;38974975;33884981;412609;210;305074
FR;1;2021-09-14;51132;95729;49660;57;51116;39026107;33980710;462269;267;356190
FR;1;2021-09-15;57623;138708;49273;52;45826;39083730;34119418;511542;319;402016
FR;1;2021-09-16;44866;80922;51818;69;48217;39128596;34200340;563360;388;450233
FR;1;2021-09-17;51819;108958;43989;55;41648;39180415;34309298;607349;443;491881
FR;1;2021-09-18;37351;118131;11623;17;11082;39217766;34427429;618972;460;502963
FR;1;2021-09-19;6222;21026;1937;2;1921;39223988;34448455;620909;462;504884
FR;1;2021-09-20;33962;74489;45016;66;42990;39257950;34522944;665925;528;547874
FR;1;2021-09-21;33150;68025;54464;70;51034;39291100;34590969;720389;598;598908
FR;1;2021-09-22;37289;117196;48249;71;45231;39328389;34708165;768638;669;644139
FR;1;2021-09-23;30857;61398;52253;80;48806;39359246;34769563;820891;749;692945
FR;1;2021-09-24;35626;88510;42235;89;40650;39394872;34858073;863126;838;733595
FR;1;2021-09-25;26746;95971;12115;26;11989;39421618;34954044;875241;864;745584
FR;1;2021-09-26;4106;15189;1705;4;1637;39425724;34969233;876946;868;747221
FR;1;2021-09-27;26578;59780;41879;87;40767;39452302;35029013;918825;955;787988
FR;1;2021-09-28;26004;48516;45786;60;43355;39478306;35077529;964611;1015;831343
FR;1;2021-09-29;34740;79733;45548;73;44073;39513046;35157262;1010159;1088;875416
FR;1;2021-09-30;24756;44327;45754;71;43924;39537802;35201589;1055913;1159;919340
FR;1;2021-10-01;34281;62759;43892;71;43488;39572083;35264348;1099805;1230;962828
FR;1;2021-10-02;29116;61772;15921;30;16119;39601199;35326120;1115726;1260;978947
FR;1;2021-10-03;4041;8574;1964;3;1976;39605240;35334694;1117690;1263;980923
FR;1;2021-10-04;22331;43497;46108;65;46029;39627571;35378191;1163798;1328;1026952
FR;1;2021-10-05;20357;41107;48308;103;47855;39647928;35419298;1212106;1431;1074807
FR;1;2021-10-06;31027;60588;56241;91;56071;39678955;35479886;1268347;1522;1130878
FR;1;2021-10-07;19048;39037;51402;67;50457;39698003;35518923;1319749;1589;1181335
FR;1;2021-10-08;30269;58925;59238;83;60043;39728272;35577848;1378987;1672;1241378
FR;1;2021-10-09;26138;47551;25141;26;25652;39754410;35625399;1404128;1698;1267030
FR;1;2021-10-10;2993;5367;2650;7;2720;39757403;35630766;1406778;1705;1269750
FR;1;2021-10-11;21652;37679;53596;87;54369;39779055;35668445;1460374;1792;1324119
FR;1;2021-10-12;20681;36093;56625;119;57823;39799736;35704538;1516999;1911;1381942
FR;1;2021-10-13;30448;47080;63274;114;64810;39830184;35751618;1580273;2025;1446752
FR;1;2021-10-14;19672;34231;52527;94;53151;39849856;35785849;1632800;2119;1499903
FR;1;2021-10-15;29544;47732;71384;155;74188;39879400;35833581;1704184;2274;1574091
FR;1;2021-10-16;24657;35033;34582;42;36147;39904057;35868614;1738766;2316;1610238
FR;1;2021-10-17;2922;4063;3328;2;3225;39906979;35872677;1742094;2318;1613463
FR;1;2021-10-18;20828;32923;66101;108;69047;39927807;35905600;1808195;2426;1682510
FR;1;2021-10-19;19027;32961;74487;119;78593;39946834;35938561;1882682;2545;1761103
FR;1;2021-10-20;27766;43207;95042;166;98832;39974600;35981768;1977724;2711;1859935
FR;1;2021-10-21;18096;34166;81571;94;85529;39992696;36015934;2059295;2805;1945464
FR;1;2021-10-22;27225;46870;102452;180;108479;40019921;36062804;2161747;2985;2053943
FR;1;2021-10-23;21943;33862;44488;56;46978;40041864;36096666;2206235;3041;2100921
FR;1;2021-10-24;2221;3868;3469;6;3656;40044085;36100534;2209704;3047;2104577
FR;1;2021-10-25;21113;29939;81062;117;84960;40065198;36130473;2290766;3164;2189537
FR;1;2021-10-26;18430;27296;84605;114;88905;40083628;36157769;2375371;3278;2278442
FR;1;2021-10-27;25138;38908;106296;178;111206;40108766;36196677;2481667;3456;2389648
FR;1;2021-10-28;17427;26271;84802;137;89712;40126193;36222948;2566469;3593;2479360
FR;1;2021-10-29;24568;39169;112151;172;119065;40150761;36262117;2678620;3765;2598425
FR;1;2021-10-30;16836;28466;48627;71;51305;40167597;36290583;2727247;3836;2649730
FR;1;2021-10-31;1922;3302;3279;2;3563;40169519;36293885;2730526;3838;2653293
FR;1;2021-11-01;1457;3337;2393;3;2640;40170976;36297222;2732919;3841;2655933
FR;1;2021-11-02;19094;32728;89097;149;94754;40190070;36329950;2822016;3990;2750687
FR;2;2020-12-27;0;0;0;0;0;0;0;0;0;0
FR;2;2020-12-28;0;0;0;0;0;0;0;0;0;0
FR;2;2020-12-29;0;0;0;0;0;0;0;0;0;0
FR;2;2020-12-30;0;0;0;0;0;0;0;0;0;0
FR;2;2020-12-31;0;0;0;0;0;0;0;0;0;0
FR;2;2021-01-01;0;0;0;0;0;0;0;0;0;0
FR;2;2021-01-02;0;0;0;0;0;0;0;0;0;0
FR;2;2021-01-03;0;0;0;0;0;0;0;0;0;0
FR;2;2021-01-04;0;0;0;0;0;0;0;0;0;0
FR;2;2021-01-05;0;0;0;0;0;0;0;0;0;0
FR;2;2021-01-06;0;0;0;0;0;0;0;0;0;0
FR;2;2021-01-07;0;0;0;0;0;0;0;0;0;0
FR;2;2021-01-08;0;0;0;0;0;0;0;0;0;0
FR;2;2021-01-09;0;0;0;0;0;0;0;0;0;0
FR;2;2021-01-10;0;0;0;0;0;0;0;0;0;0
FR;2;2021-01-11;0;0;0;0;0;0;0;0;0;0
FR;2;2021-01-12;0;0;0;0;0;0;0;0;0;0
FR;2;2021-01-13;0;0;0;0;0;0;0;0;0;0
FR;2;2021-01-14;1249;0;0;0;0;1249;0;0;0;0
FR;2;2021-01-15;335;0;0;0;0;1584;0;0;0;0
FR;2;2021-01-16;269;0;0;0;0;1853;0;0;0;0
FR;2;2021-01-17;56;0;0;0;0;1909;0;0;0;0
FR;2;2021-01-18;3027;0;0;0;0;4936;0;0;0;0
FR;2;2021-01-19;4638;0;0;0;0;9574;0;0;0;0
FR;2;2021-01-20;5082;0;0;0;0;14656;0;0;0;0
FR;2;2021-01-21;5276;0;0;0;0;19932;0;0;0;0
FR;2;2021-01-22;5051;0;0;0;0;24983;0;0;0;0
FR;2;2021-01-23;1837;0;0;0;0;26820;0;0;0;0
FR;2;2021-01-24;151;0;0;0;0;26971;0;0;0;0
FR;2;2021-01-25;3750;0;0;0;0;30721;0;0;0;0
FR;2;2021-01-26;3848;0;0;0;0;34569;0;0;0;0
FR;2;2021-01-27;3536;0;0;0;0;38105;0;0;0;0
FR;2;2021-01-28;3658;0;0;0;0;41763;0;0;0;0
FR;2;2021-01-29;3217;0;0;0;0;44980;0;0;0;0
FR;2;2021-01-30;1108;0;0;0;0;46088;0;0;0;0
FR;2;2021-01-31;32;0;0;0;0;46120;0;0;0;0
FR;2;2021-02-01;3337;0;0;0;0;49457;0;0;0;0
FR;2;2021-02-02;4418;0;0;0;0;53875;0;0;0;0
FR;2;2021-02-03;5157;0;0;0;0;59032;0;0;0;0
FR;2;2021-02-04;4850;4;0;0;0;63882;4;0;0;0
FR;2;2021-02-05;4744;6;0;0;0;68626;10;0;0;0
FR;2;2021-02-06;1997;3;0;0;0;70623;13;0;0;0
FR;2;2021-02-07;80;0;0;0;0;70703;13;0;0;0
FR;2;2021-02-08;7487;8;0;0;0;78190;21;0;0;0
FR;2;2021-02-09;8352;15;0;0;0;86542;36;0;0;0
FR;2;2021-02-10;9259;50;0;0;0;95801;86;0;0;0
FR;2;2021-02-11;10186;66;0;0;0;105987;152;0;0;0
FR;2;2021-02-12;9951;236;0;0;0;115938;388;0;0;0
FR;2;2021-02-13;3087;221;0;0;0;119025;609;0;0;0
FR;2;2021-02-14;334;0;0;0;0;119359;609;0;0;0
FR;2;2021-02-15;3408;3063;0;0;0;122767;3672;0;0;0
FR;2;2021-02-16;5021;3876;0;0;0;127788;7548;0;0;0
FR;2;2021-02-17;4195;4397;0;0;0;131983;11945;0;0;0
FR;2;2021-02-18;5336;5087;0;0;0;137319;17032;0;0;0
FR;2;2021-02-19;5278;4323;0;0;0;142597;21355;0;0;0
FR;2;2021-02-20;1817;1508;0;0;0;144414;22863;0;0;0
FR;2;2021-02-21;218;86;0;0;0;144632;22949;0;0;0
FR;2;2021-02-22;3579;3720;0;0;0;148211;26669;0;0;0
FR;2;2021-02-23;4900;3688;0;0;0;153111;30357;0;0;0
FR;2;2021-02-24;4928;3461;0;0;0;158039;33818;0;0;0
FR;2;2021-02-25;5396;3423;0;0;0;163435;37241;0;0;0
FR;2;2021-02-26;4310;3121;0;0;0;167745;40362;0;0;0
FR;2;2021-02-27;1585;1042;0;0;0;169330;41404;0;0;0
FR;2;2021-02-28;148;28;0;0;0;169478;41432;0;0;0
FR;2;2021-03-01;5067;3762;0;0;0;174545;45194;0;0;0
FR;2;2021-03-02;6433;4721;0;0;0;180978;49915;0;0;0
FR;2;2021-03-03;6436;4880;0;0;0;187414;54795;0;0;0
FR;2;2021-03-04;8282;3959;0;0;0;195696;58754;0;0;0
FR;2;2021-03-05;7924;4052;0;0;0;203620;62806;0;0;0
FR;2;2021-03-06;4716;1681;0;0;0;208336;64487;0;0;0
FR;2;2021-03-07;2344;29;0;0;0;210680;64516;0;0;0
FR;2;2021-03-08;4089;8302;0;0;0;214769;72818;0;0;0
FR;2;2021-03-09;7404;8420;1;0;0;222173;81238;1;0;0
FR;2;2021-03-10;6988;9103;0;0;0;229161;90341;1;0;0
FR;2;2021-03-11;9278;9191;0;0;0;238439;99532;1;0;0
FR;2;2021-03-12;7871;8154;0;0;0;246310;107686;1;0;0
FR;2;2021-03-13;9977;2509;0;0;0;256287;110195;1;0;0
FR;2;2021-03-14;4813;400;0;0;0;261100;110595;1;0;0
FR;2;2021-03-15;10804;3480;0;0;0;271904;114075;1;0;0
FR;2;2021-03-16;16650;4619;0;0;0;288554;118694;1;0;0
FR;2;2021-03-17;20102;3952;0;0;0;308656;122646;1;0;0
FR;2;2021-03-18;23222;4900;0;0;0;331878;127546;1;0;0
FR;2;2021-03-19;23151;4533;0;0;0;355029;132079;1;0;0
FR;2;2021-03-20;25326;1537;0;0;0;380355;133616;1;0;0
FR;2;2021-03-21;17595;147;0;0;0;397950;133763;1;0;0
FR;2;2021-03-22;17638;3076;0;0;0;415588;136839;1;0;0
FR;2;2021-03-23;22516;4180;0;0;0;438104;141019;1;0;0
FR;2;2021-03-24;23785;4984;0;0;0;461889;146003;1;0;0
FR;2;2021-03-25;26564;5016;0;0;0;488453;151019;1;0;0
FR;2;2021-03-26;26813;4262;0;0;0;515266;155281;1;0;0
FR;2;2021-03-27;15819;1308;0;0;0;531085;156589;1;0;0
FR;2;2021-03-28;10515;92;0;0;0;541600;156681;1;0;0
FR;2;2021-03-29;18856;4276;0;0;0;560456;160957;1;0;0
FR;2;2021-03-30;24376;6014;0;0;0;584832;166971;1;0;0
FR;2;2021-03-31;28396;5949;0;0;0;613228;172920;1;0;0
FR;2;2021-04-01;34322;8472;0;0;0;647550;181392;1;0;0
FR;2;2021-04-02;29799;7677;0;0;0;677349;189069;1;0;0
FR;2;2021-04-03;16859;3577;0;0;0;694208;192646;1;0;0
FR;2;2021-04-04;9239;918;1;0;0;703447;193564;2;0;0
FR;2;2021-04-05;12286;806;0;0;0;715733;194370;2;0;0
FR;2;2021-04-06;26952;6923;0;0;0;742685;201293;2;0;0
FR;2;2021-04-07;30759;7148;0;0;0;773444;208441;2;0;0
FR;2;2021-04-08;36694;8810;0;0;0;810138;217251;2;0;0
FR;2;2021-04-09;33657;8588;27;0;0;843795;225839;29;0;0
FR;2;2021-04-10;19574;8968;0;0;0;863369;234807;29;0;0
FR;2;2021-04-11;7872;4270;0;0;0;871241;239077;29;0;0
FR;2;2021-04-12;16974;11245;0;0;0;888215;250322;29;0;0
FR;2;2021-04-13;19303;16413;1;0;0;907518;266735;30;0;0
FR;2;2021-04-14;17856;16269;2;0;0;925374;283004;32;0;0
FR;2;2021-04-15;22020;20746;25;0;0;947394;303750;57;0;0
FR;2;2021-04-16;20553;20057;40;0;0;967947;323807;97;0;0
FR;2;2021-04-17;13149;22450;3;0;0;981096;346257;100;0;0
FR;2;2021-04-18;5843;14397;3;0;0;986939;360654;103;0;0
FR;2;2021-04-19;16623;16242;17;0;0;1003562;376896;120;0;0
FR;2;2021-04-20;19103;21559;26;0;0;1022665;398455;146;0;0
FR;2;2021-04-21;20043;21654;47;0;0;1042708;420109;193;0;0
FR;2;2021-04-22;23580;24840;18;0;0;1066288;444949;211;0;0
FR;2;2021-04-23;24335;25340;64;0;0;1090623;470289;275;0;0
FR;2;2021-04-24;25165;15098;21;0;0;1115788;485387;296;0;0
FR;2;2021-04-25;9541;8586;5;0;0;1125329;493973;301;0;0
FR;2;2021-04-26;17000;17193;14;0;0;1142329;511166;315;0;0
FR;2;2021-04-27;19107;24292;32;0;0;1161436;535458;347;0;0
FR;2;2021-04-28;22176;26172;99;0;0;1183612;561630;446;0;0
FR;2;2021-04-29;25293;30116;55;0;0;1208905;591746;501;0;0
FR;2;2021-04-30;25406;27762;34;1;1;1234311;619508;535;1;1
FR;2;2021-05-01;14874;9855;3;0;0;1249185;629363;538;1;1
FR;2;2021-05-02;6574;9181;2;0;0;1255759;638544;540;1;1
FR;2;2021-05-03;19834;19314;16;0;0;1275593;657858;556;1;1
FR;2;2021-05-04;18126;29047;14;0;0;1293719;686905;570;1;1
FR;2;2021-05-05;18099;29400;27;0;0;1311818;716305;597;1;1
FR;2;2021-05-06;23317;35278;93;0;0;1335135;751583;690;1;1
FR;2;2021-05-07;25044;33217;69;0;0;1360179;784800;759;1;1
FR;2;2021-05-08;21157;9700;7;0;0;1381336;794500;766;1;1
FR;2;2021-05-09;13079;7890;2;0;0;1394415;802390;768;1;1
FR;2;2021-05-10;32646;22207;22;0;0;1427061;824597;790;1;1
FR;2;2021-05-11;43271;21064;44;0;0;1470332;845661;834;1;1
FR;2;2021-05-12;49680;19894;74;0;0;1520012;865555;908;1;1
FR;2;2021-05-13;50989;5764;17;0;0;1571001;871319;925;1;1
FR;2;2021-05-14;60989;12947;87;0;0;1631990;884266;1012;1;1
FR;2;2021-05-15;65590;7146;13;0;0;1697580;891412;1025;1;1
FR;2;2021-05-16;43324;2574;4;0;0;1740904;893986;1029;1;1
FR;2;2021-05-17;44450;12580;55;0;0;1785354;906566;1084;1;1
FR;2;2021-05-18;54304;12239;72;0;0;1839658;918805;1156;1;1
FR;2;2021-05-19;56814;10609;126;0;0;1896472;929414;1282;1;1
FR;2;2021-05-20;63032;10870;146;0;0;1959504;940284;1428;1;1
FR;2;2021-05-21;63916;11659;122;0;0;2023420;951943;1550;1;1
FR;2;2021-05-22;61208;4512;32;0;0;2084628;956455;1582;1;1
FR;2;2021-05-23;37318;570;9;0;0;2121946;957025;1591;1;1
FR;2;2021-05-24;17014;2029;19;0;0;2138960;959054;1610;1;1
FR;2;2021-05-25;20815;12234;145;0;0;2159775;971288;1755;1;1
FR;2;2021-05-26;19593;11451;150;0;0;2179368;982739;1905;1;1
FR;2;2021-05-27;22679;12659;124;0;0;2202047;995398;2029;1;1
FR;2;2021-05-28;29122;14973;129;0;0;2231169;1010371;2158;1;1
FR;2;2021-05-29;30225;8181;33;0;0;2261394;1018552;2191;1;1
FR;2;2021-05-30;4560;1809;2;0;0;2265954;1020361;2193;1;1
FR;2;2021-05-31;28365;18746;116;0;0;2294319;1039107;2309;1;1
FR;2;2021-06-01;45286;20062;150;0;0;2339605;1059169;2459;1;1
FR;2;2021-06-02;37194;19302;101;0;0;2376799;1078471;2560;1;1
FR;2;2021-06-03;50945;23376;94;0;0;2427744;1101847;2654;1;1
FR;2;2021-06-04;65216;24090;133;0;0;2492960;1125937;2787;1;1
FR;2;2021-06-05;34302;24034;23;0;0;2527262;1149971;2810;1;1
FR;2;2021-06-06;4842;6201;5;0;0;2532104;1156172;2815;1;1
FR;2;2021-06-07;27904;23091;90;0;0;2560008;1179263;2905;1;1
FR;2;2021-06-08;46098;22952;90;0;0;2606106;1202215;2995;1;1
FR;2;2021-06-09;34053;20909;54;0;0;2640159;1223124;3049;1;1
FR;2;2021-06-10;42380;19150;35;0;0;2682539;1242274;3084;1;1
FR;2;2021-06-11;55058;25244;74;0;0;2737597;1267518;3158;1;1
FR;2;2021-06-12;30403;19810;30;0;0;2768000;1287328;3188;1;1
FR;2;2021-06-13;3240;9186;4;0;0;2771240;1296514;3192;1;1
FR;2;2021-06-14;25108;24183;51;0;0;2796348;1320697;3243;1;1
FR;2;2021-06-15;38789;22883;73;0;0;2835137;1343580;3316;1;1
FR;2;2021-06-16;29973;21479;89;0;0;2865110;1365059;3405;1;1
FR;2;2021-06-17;36681;25896;79;0;0;2901791;1390955;3484;1;1
FR;2;2021-06-18;46676;28796;69;0;0;2948467;1419751;3553;1;1
FR;2;2021-06-19;24421;24913;21;0;0;2972888;1444664;3574;1;1
FR;2;2021-06-20;3649;10069;6;0;0;2976537;1454733;3580;1;1
FR;2;2021-06-21;17334;42764;52;0;0;2993871;1497497;3632;1;1
FR;2;2021-06-22;28187;49605;72;0;0;3022058;1547102;3704;1;1
FR;2;2021-06-23;21644;49608;66;0;0;3043702;1596710;3770;1;1
FR;2;2021-06-24;28246;50299;90;0;0;3071948;1647009;3860;1;1
FR;2;2021-06-25;33248;60413;85;0;0;3105196;1707422;3945;1;1
FR;2;2021-06-26;16262;59278;29;0;0;3121458;1766700;3974;1;1
FR;2;2021-06-27;2514;29350;16;0;0;3123972;1796050;3990;1;1
FR;2;2021-06-28;12490;54368;42;0;0;3136462;1850418;4032;1;1
FR;2;2021-06-29;19727;59890;174;0;0;3156189;1910308;4206;1;1
FR;2;2021-06-30;16204;57762;214;1;1;3172393;1968070;4420;2;2
FR;2;2021-07-01;20281;59907;212;0;0;3192674;2027977;4632;2;2
FR;2;2021-07-02;23892;62207;181;0;0;3216566;2090184;4813;2;2
FR;2;2021-07-03;11998;57098;155;0;0;3228564;2147282;4968;2;2
FR;2;2021-07-04;1902;23331;20;0;0;3230466;2170613;4988;2;2
FR;2;2021-07-05;9006;29362;101;0;0;3239472;2199975;5089;2;2
FR;2;2021-07-06;14400;36202;130;0;0;3253872;2236177;5219;2;2
FR;2;2021-07-07;14140;33679;135;0;0;3268012;2269856;5354;2;2
FR;2;2021-07-08;19520;40294;159;0;0;3287532;2310150;5513;2;2
FR;2;2021-07-09;26928;54276;194;0;0;3314460;2364426;5707;2;2
FR;2;2021-07-10;13261;33672;108;0;0;3327721;2398098;5815;2;2
FR;2;2021-07-11;1732;4329;12;0;0;3329453;2402427;5827;2;2
FR;2;2021-07-12;12815;37277;111;0;0;3342268;2439704;5938;2;2
FR;2;2021-07-13;36944;53276;152;0;0;3379212;2492980;6090;2;2
FR;2;2021-07-14;6419;3576;14;0;0;3385631;2496556;6104;2;2
FR;2;2021-07-15;47009;47045;151;0;0;3432640;2543601;6255;2;2
FR;2;2021-07-16;64096;55865;183;0;0;3496736;2599466;6438;2;2
FR;2;2021-07-17;31432;23952;95;0;0;3528168;2623418;6533;2;2
FR;2;2021-07-18;5989;4946;18;0;0;3534157;2628364;6551;2;2
FR;2;2021-07-19;32827;28727;90;0;0;3566984;2657091;6641;2;2
FR;2;2021-07-20;51794;44596;146;0;0;3618778;2701687;6787;2;2
FR;2;2021-07-21;45031;34831;90;0;0;3663809;2736518;6877;2;2
FR;2;2021-07-22;56056;41103;123;0;0;3719865;2777621;7000;2;2
FR;2;2021-07-23;68104;49133;168;0;0;3787969;2826754;7168;2;2
FR;2;2021-07-24;36012;21554;79;0;0;3823981;2848308;7247;2;2
FR;2;2021-07-25;6652;2678;10;0;0;3830633;2850986;7257;2;2
FR;2;2021-07-26;36120;22502;88;1;1;3866753;2873488;7345;3;3
FR;2;2021-07-27;62167;34650;179;0;0;3928920;2908138;7524;3;3
FR;2;2021-07-28;55077;26487;130;0;0;3983997;2934625;7654;3;3
FR;2;2021-07-29;68182;32790;184;0;0;4052179;2967415;7838;3;3
FR;2;2021-07-30;74166;37784;214;0;0;4126345;3005199;8052;3;3
FR;2;2021-07-31;34570;16164;94;0;0;4160915;3021363;8146;3;3
FR;2;2021-08-01;5237;2300;13;0;0;4166152;3023663;8159;3;3
FR;2;2021-08-02;35586;16165;96;0;0;4201738;3039828;8255;3;3
FR;2;2021-08-03;55710;28249;136;0;0;4257448;3068077;8391;3;3
FR;2;2021-08-04;46397;20838;127;0;0;4303845;3088915;8518;3;3
FR;2;2021-08-05;54397;31592;212;0;0;4358242;3120507;8730;3;3
FR;2;2021-08-06;57909;42358;231;0;0;4416151;3162865;8961;3;3
FR;2;2021-08-07;25015;17593;90;0;0;4441166;3180458;9051;3;3
FR;2;2021-08-08;3756;3666;19;0;0;4444922;3184124;9070;3;3
FR;2;2021-08-09;29167;21148;84;0;0;4474089;3205272;9154;3;3
FR;2;2021-08-10;44819;33527;149;0;0;4518908;3238799;9303;3;3
FR;2;2021-08-11;35133;25143;142;0;0;4554041;3263942;9445;3;3
FR;2;2021-08-12;41770;35736;154;0;0;4595811;3299678;9599;3;3
FR;2;2021-08-13;42486;36227;204;0;0;4638297;3335905;9803;3;3
FR;2;2021-08-14;18424;22627;90;0;0;4656721;3358532;9893;3;3
FR;2;2021-08-15;3006;3845;13;0;0;4659727;3362377;9906;3;3
FR;2;2021-08-16;24997;27376;98;0;0;4684724;3389753;10004;3;3
FR;2;2021-08-17;38149;43525;192;0;0;4722873;3433278;10196;3;3
FR;2;2021-08-18;32172;36396;180;0;0;4755045;3469674;10376;3;3
FR;2;2021-08-19;37334;46580;212;0;0;4792379;3516254;10588;3;3
FR;2;2021-08-20;40448;55487;251;1;1;4832827;3571741;10839;4;4
FR;2;2021-08-21;18051;24256;103;0;0;4850878;3595997;10942;4;4
FR;2;2021-08-22;2878;4315;20;1;1;4853756;3600312;10962;5;5
FR;2;2021-08-23;19179;35125;119;0;0;4872935;3635437;11081;5;5
FR;2;2021-08-24;31834;56041;220;0;0;4904769;3691478;11301;5;5
FR;2;2021-08-25;25861;43411;234;0;0;4930630;3734889;11535;5;5
FR;2;2021-08-26;32261;55653;373;0;0;4962891;3790542;11908;5;5
FR;2;2021-08-27;36911;65410;459;2;2;4999802;3855952;12367;7;7
FR;2;2021-08-28;17751;28346;291;0;0;5017553;3884298;12658;7;7
FR;2;2021-08-29;2627;5093;46;0;0;5020180;3889391;12704;7;7
FR;2;2021-08-30;18302;37785;377;0;770;5038482;3927176;13081;7;777
FR;2;2021-08-31;27976;57468;862;3;1553;5066458;3984644;13943;10;2330
FR;2;2021-09-01;21456;39769;1268;0;2060;5087914;4024413;15211;10;4390
FR;2;2021-09-02;25374;48561;1909;1;3241;5113288;4072974;17120;11;7631
FR;2;2021-09-03;33290;64345;2885;3;4743;5146578;4137319;20005;14;12374
FR;2;2021-09-04;16700;27543;1407;1;2312;5163278;4164862;21412;15;14686
FR;2;2021-09-05;2216;3731;255;0;410;5165494;4168593;21667;15;15096
FR;2;2021-09-06;13953;28744;1741;1;2908;5179447;4197337;23408;16;18004
FR;2;2021-09-07;21041;41013;2924;1;4775;5200488;4238350;26332;17;22779
FR;2;2021-09-08;17141;31929;2691;5;4435;5217629;4270279;29023;22;27214
FR;2;2021-09-09;20859;40399;4329;2;6640;5238488;4310678;33352;24;33854
FR;2;2021-09-10;28103;50996;5176;2;8707;5266591;4361674;38528;26;42561
FR;2;2021-09-11;13564;21986;2330;2;3827;5280155;4383660;40858;28;46388
FR;2;2021-09-12;1788;2850;267;0;484;5281943;4386510;41125;28;46872
FR;2;2021-09-13;11585;21497;2415;4;3961;5293528;4408007;43540;32;50833
FR;2;2021-09-14;18486;32757;4908;14;8837;5312014;4440764;48448;46;59670
FR;2;2021-09-15;14704;28384;5085;3;7763;5326718;4469148;53533;49;67433
FR;2;2021-09-16;16010;32709;6632;14;10422;5342728;4501857;60165;63;77855
FR;2;2021-09-17;20818;47003;8667;10;14484;5363546;4548860;68832;73;92339
FR;2;2021-09-18;9799;20843;3734;6;5967;5373345;4569703;72566;79;98306
FR;2;2021-09-19;1151;2728;380;0;650;5374496;4572431;72946;79;98956
FR;2;2021-09-20;7418;18867;3735;7;6144;5381914;4591298;76681;86;105100
FR;2;2021-09-21;11145;30026;6427;4;10695;5393059;4621324;83108;90;115795
FR;2;2021-09-22;9335;23536;5435;7;8462;5402394;4644860;88543;97;124257
FR;2;2021-09-23;10652;28857;7777;11;12547;5413046;4673717;96320;108;136804
FR;2;2021-09-24;14995;42739;10735;19;17055;5428041;4716456;107055;127;153859
FR;2;2021-09-25;7174;18591;3903;8;6022;5435215;4735047;110958;135;159881
FR;2;2021-09-26;1061;2590;484;0;621;5436276;4737637;111442;135;160502
FR;2;2021-09-27;6248;16458;4216;6;6515;5442524;4754095;115658;141;167017
FR;2;2021-09-28;9190;25522;7640;10;12001;5451714;4779617;123298;151;179018
FR;2;2021-09-29;8024;20231;5986;14;9208;5459738;4799848;129284;165;188226
FR;2;2021-09-30;9797;25715;9346;13;13940;5469535;4825563;138630;178;202166
FR;2;2021-10-01;13757;35453;12724;23;19006;5483292;4861016;151354;201;221172
FR;2;2021-10-02;6674;15799;4775;6;6939;5489966;4876815;156129;207;228111
FR;2;2021-10-03;770;2035;474;1;508;5490736;4878850;156603;208;228619
FR;2;2021-10-04;5704;13980;5473;5;7856;5496440;4892830;162076;213;236475
FR;2;2021-10-05;8909;22495;11020;18;15601;5505349;4915325;173096;231;252076
FR;2;2021-10-06;7635;17751;8144;11;10970;5512984;4933076;181240;242;263046
FR;2;2021-10-07;9046;22122;12253;15;16715;5522030;4955198;193493;257;279761
FR;2;2021-10-08;13252;31955;17062;24;23249;5535282;4987153;210555;281;303010
FR;2;2021-10-09;5870;12715;5960;5;7780;5541152;4999868;216515;286;310790
FR;2;2021-10-10;840;1684;421;2;626;5541992;5001552;216936;288;311416
FR;2;2021-10-11;5240;11685;6392;16;8784;5547232;5013237;223328;304;320200
FR;2;2021-10-12;7678;17750;12359;12;16577;5554910;5030987;235687;316;336777
FR;2;2021-10-13;6779;14835;10138;10;13512;5561689;5045822;245825;326;350289
FR;2;2021-10-14;8104;17900;14754;11;19249;5569793;5063722;260579;337;369538
FR;2;2021-10-15;11614;26217;20594;25;27641;5581407;5089939;281173;362;397179
FR;2;2021-10-16;4998;8722;1771;0;3168;5586405;5098661;282944;362;400347
FR;2;2021-10-17;629;1217;181;0;374;5587034;5099878;283125;362;400721
FR;2;2021-10-18;4434;7512;619;2;1664;5591468;5107390;283744;364;402385
FR;2;2021-10-19;6052;9987;693;5;2086;5597520;5117377;284437;369;404471
FR;2;2021-10-20;5031;8126;699;1;1631;5602551;5125503;285136;370;406102
FR;2;2021-10-21;5817;9911;720;5;2011;5608368;5135414;285856;375;408113
FR;2;2021-10-22;8058;14467;1034;4;2745;5616426;5149881;286890;379;410858
FR;2;2021-10-23;3535;5946;532;0;1191;5619961;5155827;287422;379;412049
FR;2;2021-10-24;467;903;69;0;165;5620428;5156730;287491;379;412214
FR;2;2021-10-25;3241;5416;246;1;782;5623669;5162146;287737;380;412996
FR;2;2021-10-26;4014;7226;1044;4;1923;5627683;5169372;288781;384;414919
FR;2;2021-10-27;3493;6652;1106;5;1933;5631176;5176024;289887;389;416852
FR;2;2021-10-28;4430;7653;1632;3;2629;5635606;5183677;291519;392;419481
FR;2;2021-10-29;5218;11022;2279;4;3509;5640824;5194699;293798;396;422990
FR;2;2021-10-30;2453;4389;886;1;1350;5643277;5199088;294684;397;424340
FR;2;2021-10-31;273;569;111;1;159;5643550;5199657;294795;398;424499
FR;2;2021-11-01;209;580;115;0;214;5643759;5200237;294910;398;424713
FR;2;2021-11-02;3021;6754;1048;0;1624;5646780;5206991;295958;398;426337
FR;3;2020-12-27;0;0;0;0;0;0;0;0;0;0
FR;3;2020-12-28;0;0;0;0;0;0;0;0;0;0
FR;3;2020-12-29;0;0;0;0;0;0;0;0;0;0
FR;3;2020-12-30;0;0;0;0;0;0;0;0;0;0
FR;3;2020-12-31;0;0;0;0;0;0;0;0;0;0
FR;3;2021-01-01;0;0;0;0;0;0;0;0;0;0
FR;3;2021-01-02;0;0;0;0;0;0;0;0;0;0
FR;3;2021-01-03;0;0;0;0;0;0;0;0;0;0
FR;3;2021-01-04;0;0;0;0;0;0;0;0;0;0
FR;3;2021-01-05;0;0;0;0;0;0;0;0;0;0
FR;3;2021-01-06;0;0;0;0;0;0;0;0;0;0
FR;3;2021-01-07;0;0;0;0;0;0;0;0;0;0
FR;3;2021-01-08;0;0;0;0;0;0;0;0;0;0
FR;3;2021-01-09;0;0;0;0;0;0;0;0;0;0
FR;3;2021-01-10;0;0;0;0;0;0;0;0;0;0
FR;3;2021-01-11;0;0;0;0;0;0;0;0;0;0
FR;3;2021-01-12;0;0;0;0;0;0;0;0;0;0
FR;3;2021-01-13;0;0;0;0;0;0;0;0;0;0
FR;3;2021-01-14;0;0;0;0;0;0;0;0;0;0
FR;3;2021-01-15;0;0;0;0;0;0;0;0;0;0
FR;3;2021-01-16;0;0;0;0;0;0;0;0;0;0
FR;3;2021-01-17;0;0;0;0;0;0;0;0;0;0
FR;3;2021-01-18;0;0;0;0;0;0;0;0;0;0
FR;3;2021-01-19;0;0;0;0;0;0;0;0;0;0
FR;3;2021-01-20;0;0;0;0;0;0;0;0;0;0
FR;3;2021-01-21;0;0;0;0;0;0;0;0;0;0
FR;3;2021-01-22;0;0;0;0;0;0;0;0;0;0
FR;3;2021-01-23;0;0;0;0;0;0;0;0;0;0
FR;3;2021-01-24;0;0;0;0;0;0;0;0;0;0
FR;3;2021-01-25;0;0;0;0;0;0;0;0;0;0
FR;3;2021-01-26;0;0;0;0;0;0;0;0;0;0
FR;3;2021-01-27;0;0;0;0;0;0;0;0;0;0
FR;3;2021-01-28;0;0;0;0;0;0;0;0;0;0
FR;3;2021-01-29;0;0;0;0;0;0;0;0;0;0
FR;3;2021-01-30;0;0;0;0;0;0;0;0;0;0
FR;3;2021-01-31;0;0;0;0;0;0;0;0;0;0
FR;3;2021-02-01;0;0;0;0;0;0;0;0;0;0
FR;3;2021-02-02;0;0;0;0;0;0;0;0;0;0
FR;3;2021-02-03;0;0;0;0;0;0;0;0;0;0
FR;3;2021-02-04;0;0;0;0;0;0;0;0;0;0
FR;3;2021-02-05;0;0;0;0;0;0;0;0;0;0
FR;3;2021-02-06;1046;0;0;0;0;1046;0;0;0;0
FR;3;2021-02-07;1385;0;0;0;0;2431;0;0;0;0
FR;3;2021-02-08;2719;0;0;0;0;5150;0;0;0;0
FR;3;2021-02-09;6721;0;0;0;0;11871;0;0;0;0
FR;3;2021-02-10;9488;0;0;0;0;21359;0;0;0;0
FR;3;2021-02-11;13505;0;0;0;0;34864;0;0;0;0
FR;3;2021-02-12;13223;0;0;0;0;48087;0;0;0;0
FR;3;2021-02-13;3642;0;0;0;0;51729;0;0;0;0
FR;3;2021-02-14;916;0;0;0;0;52645;0;0;0;0
FR;3;2021-02-15;10314;0;0;0;0;62959;0;0;0;0
FR;3;2021-02-16;12379;0;0;0;0;75338;0;0;0;0
FR;3;2021-02-17;11003;0;0;0;0;86341;0;0;0;0
FR;3;2021-02-18;14777;0;0;0;0;101118;0;0;0;0
FR;3;2021-02-19;14231;0;0;0;0;115349;0;0;0;0
FR;3;2021-02-20;3245;0;0;0;0;118594;0;0;0;0
FR;3;2021-02-21;584;0;0;0;0;119178;0;0;0;0
FR;3;2021-02-22;9047;0;0;0;0;128225;0;0;0;0
FR;3;2021-02-23;11259;0;0;0;0;139484;0;0;0;0
FR;3;2021-02-24;14128;0;0;0;0;153612;0;0;0;0
FR;3;2021-02-25;44755;0;0;0;0;198367;0;0;0;0
FR;3;2021-02-26;61712;0;0;0;0;260079;0;0;0;0
FR;3;2021-02-27;34673;6;0;0;0;294752;6;0;0;0
FR;3;2021-02-28;2402;0;0;0;0;297154;6;0;0;0
FR;3;2021-03-01;20235;9;0;0;0;317389;15;0;0;0
FR;3;2021-03-02;38637;11;0;0;0;356026;26;0;0;0
FR;3;2021-03-03;48451;14;0;0;0;404477;40;0;0;0
FR;3;2021-03-04;81947;18;0;0;0;486424;58;0;0;0
FR;3;2021-03-05;117808;41;0;0;0;604232;99;0;0;0
FR;3;2021-03-06;120343;47;1;0;0;724575;146;1;0;0
FR;3;2021-03-07;54980;26;0;0;0;779555;172;1;0;0
FR;3;2021-03-08;42584;19;0;0;0;822139;191;1;0;0
FR;3;2021-03-09;78730;30;0;0;0;900869;221;1;0;0
FR;3;2021-03-10;80602;36;0;0;0;981471;257;1;0;0
FR;3;2021-03-11;128100;44;0;0;0;1109571;301;1;0;0
FR;3;2021-03-12;182374;67;0;0;0;1291945;368;1;0;0
FR;3;2021-03-13;131885;48;0;0;0;1423830;416;1;0;0
FR;3;2021-03-14;13947;4;0;0;0;1437777;420;1;0;0
FR;3;2021-03-15;51943;34;0;0;0;1489720;454;1;0;0
FR;3;2021-03-16;1057;13;0;0;0;1490777;467;1;0;0
FR;3;2021-03-17;793;6;0;0;0;1491570;473;1;0;0
FR;3;2021-03-18;1398;4;0;0;0;1492968;477;1;0;0
FR;3;2021-03-19;70201;36;0;0;0;1563169;513;1;0;0
FR;3;2021-03-20;65037;35;0;0;0;1628206;548;1;0;0
FR;3;2021-03-21;5642;4;0;0;0;1633848;552;1;0;0
FR;3;2021-03-22;37247;30;0;0;0;1671095;582;1;0;0
FR;3;2021-03-23;84347;49;0;0;0;1755442;631;1;0;0
FR;3;2021-03-24;90670;88;0;0;0;1846112;719;1;0;0
FR;3;2021-03-25;149731;114;0;0;0;1995843;833;1;0;0
FR;3;2021-03-26;165089;149;0;0;0;2160932;982;1;0;0
FR;3;2021-03-27;68240;86;0;0;0;2229172;1068;1;0;0
FR;3;2021-03-28;6366;19;0;0;0;2235538;1087;1;0;0
FR;3;2021-03-29;53929;59;0;0;0;2289467;1146;1;0;0
FR;3;2021-03-30;92891;87;0;0;0;2382358;1233;1;0;0
FR;3;2021-03-31;63277;81;0;0;0;2445635;1314;1;0;0
FR;3;2021-04-01;85825;96;0;0;0;2531460;1410;1;0;0
FR;3;2021-04-02;86688;143;0;0;0;2618148;1553;1;0;0
FR;3;2021-04-03;35712;107;0;0;0;2653860;1660;1;0;0
FR;3;2021-04-04;3482;14;0;0;0;2657342;1674;1;0;0
FR;3;2021-04-05;4366;21;0;0;0;2661708;1695;1;0;0
FR;3;2021-04-06;29493;72;0;0;0;2691201;1767;1;0;0
FR;3;2021-04-07;32080;59;0;0;0;2723281;1826;1;0;0
FR;3;2021-04-08;78565;231;0;0;0;2801846;2057;1;0;0
FR;3;2021-04-09;161458;404;0;0;0;2963304;2461;1;0;0
FR;3;2021-04-10;75534;326;0;0;0;3038838;2787;1;0;0
FR;3;2021-04-11;7217;42;0;0;0;3046055;2829;1;0;0
FR;3;2021-04-12;51228;195;0;0;0;3097283;3024;1;0;0
FR;3;2021-04-13;85965;308;0;0;0;3183248;3332;1;0;0
FR;3;2021-04-14;67518;336;0;0;0;3250766;3668;1;0;0
FR;3;2021-04-15;92845;363;0;0;0;3343611;4031;1;0;0
FR;3;2021-04-16;112229;566;0;0;0;3455840;4597;1;0;0
FR;3;2021-04-17;53136;318;1;0;0;3508976;4915;2;0;0
FR;3;2021-04-18;9619;32;0;0;0;3518595;4947;2;0;0
FR;3;2021-04-19;24873;228;0;0;0;3543468;5175;2;0;0
FR;3;2021-04-20;45395;388;0;0;0;3588863;5563;2;0;0
FR;3;2021-04-21;38711;441;0;0;0;3627574;6004;2;0;0
FR;3;2021-04-22;54484;778;0;0;0;3682058;6782;2;0;0
FR;3;2021-04-23;70279;1009;0;0;0;3752337;7791;2;0;0
FR;3;2021-04-24;37067;967;0;0;0;3789404;8758;2;0;0
FR;3;2021-04-25;6083;152;0;0;0;3795487;8910;2;0;0
FR;3;2021-04-26;19541;647;0;0;0;3815028;9557;2;0;0
FR;3;2021-04-27;34209;1239;0;0;0;3849237;10796;2;0;0
FR;3;2021-04-28;28751;1924;0;0;0;3877988;12720;2;0;0
FR;3;2021-04-29;45157;5944;0;0;0;3923145;18664;2;0;0
FR;3;2021-04-30;55276;8919;1;0;0;3978421;27583;3;0;0
FR;3;2021-05-01;9376;1961;0;0;0;3987797;29544;3;0;0
FR;3;2021-05-02;2942;497;0;0;0;3990739;30041;3;0;0
FR;3;2021-05-03;12854;3880;0;0;0;4003593;33921;3;0;0
FR;3;2021-05-04;22851;8416;0;0;0;4026444;42337;3;0;0
FR;3;2021-05-05;18486;10567;0;0;0;4044930;52904;3;0;0
FR;3;2021-05-06;34360;20888;0;0;0;4079290;73792;3;0;0
FR;3;2021-05-07;43990;28382;0;0;0;4123280;102174;3;0;0
FR;3;2021-05-08;6631;8871;0;0;0;4129911;111045;3;0;0
FR;3;2021-05-09;1695;2649;0;0;0;4131606;113694;3;0;0
FR;3;2021-05-10;14757;12552;0;0;0;4146363;126246;3;0;0
FR;3;2021-05-11;26845;25714;0;0;0;4173208;151960;3;0;0
FR;3;2021-05-12;17077;27438;1;0;0;4190285;179398;4;0;0
FR;3;2021-05-13;2148;3481;0;0;0;4192433;182879;4;0;0
FR;3;2021-05-14;14357;25728;0;0;0;4206790;208607;4;0;0
FR;3;2021-05-15;7088;20728;0;0;0;4213878;229335;4;0;0
FR;3;2021-05-16;892;2677;0;0;0;4214770;232012;4;0;0
FR;3;2021-05-17;7746;19902;0;0;0;4222516;251914;4;0;0
FR;3;2021-05-18;13194;29624;0;0;0;4235710;281538;4;0;0
FR;3;2021-05-19;9047;31844;0;0;0;4244757;313382;4;0;0
FR;3;2021-05-20;12575;53200;2;0;0;4257332;366582;6;0;0
FR;3;2021-05-21;12547;65516;1;0;0;4269879;432098;7;0;0
FR;3;2021-05-22;4826;33291;1;0;0;4274705;465389;8;0;0
FR;3;2021-05-23;556;2663;0;0;0;4275261;468052;8;0;0
FR;3;2021-05-24;687;4914;0;0;0;4275948;472966;8;0;0
FR;3;2021-05-25;5085;45158;0;0;0;4281033;518124;8;0;0
FR;3;2021-05-26;4773;51041;1;0;0;4285806;569165;9;0;0
FR;3;2021-05-27;6109;77819;1;0;0;4291915;646984;10;0;0
FR;3;2021-05-28;7370;99087;0;0;0;4299285;746071;10;0;0
FR;3;2021-05-29;3190;60271;1;0;0;4302475;806342;11;0;0
FR;3;2021-05-30;419;8242;0;0;0;4302894;814584;11;0;0
FR;3;2021-05-31;2198;35983;0;0;0;4305092;850567;11;0;0
FR;3;2021-06-01;3126;64803;5;0;0;4308218;915370;16;0;0
FR;3;2021-06-02;2530;58338;0;0;0;4310748;973708;16;0;0
FR;3;2021-06-03;3318;87572;4;0;0;4314066;1061280;20;0;0
FR;3;2021-06-04;3967;105105;12;0;0;4318033;1166385;32;0;0
FR;3;2021-06-05;1869;52236;0;0;0;4319902;1218621;32;0;0
FR;3;2021-06-06;349;5399;1;0;0;4320251;1224020;33;0;0
FR;3;2021-06-07;1229;31176;3;0;0;4321480;1255196;36;0;0
FR;3;2021-06-08;1840;47267;11;0;0;4323320;1302463;47;0;0
FR;3;2021-06-09;1563;42390;10;0;0;4324883;1344853;57;0;0
FR;3;2021-06-10;2018;67982;9;0;0;4326901;1412835;66;0;0
FR;3;2021-06-11;2343;96785;17;0;0;4329244;1509620;83;0;0
FR;3;2021-06-12;1052;40834;5;0;0;4330296;1550454;88;0;0
FR;3;2021-06-13;182;3823;1;0;0;4330478;1554277;89;0;0
FR;3;2021-06-14;876;42654;11;0;0;4331354;1596931;100;0;0
FR;3;2021-06-15;1218;80679;6;0;0;4332572;1677610;106;0;0
FR;3;2021-06-16;1103;65774;8;0;0;4333675;1743384;114;0;0
FR;3;2021-06-17;1508;101844;20;0;0;4335183;1845228;134;0;0
FR;3;2021-06-18;1782;117911;26;0;0;4336965;1963139;160;0;0
FR;3;2021-06-19;751;39401;11;0;0;4337716;2002540;171;0;0
FR;3;2021-06-20;100;3383;0;0;0;4337816;2005923;171;0;0
FR;3;2021-06-21;633;39284;9;0;0;4338449;2045207;180;0;0
FR;3;2021-06-22;942;70008;33;0;0;4339391;2115215;213;0;0
FR;3;2021-06-23;829;50840;15;0;0;4340220;2166055;228;0;0
FR;3;2021-06-24;1215;77200;27;0;0;4341435;2243255;255;0;0
FR;3;2021-06-25;1320;89958;42;0;0;4342755;2333213;297;0;0
FR;3;2021-06-26;564;33134;13;0;0;4343319;2366347;310;0;0
FR;3;2021-06-27;111;4026;1;0;0;4343430;2370373;311;0;0
FR;3;2021-06-28;538;30454;13;0;0;4343968;2400827;324;0;0
FR;3;2021-06-29;776;56142;93;0;0;4344744;2456969;417;0;0
FR;3;2021-06-30;808;45054;89;0;0;4345552;2502023;506;0;0
FR;3;2021-07-01;1055;65654;108;0;0;4346607;2567677;614;0;0
FR;3;2021-07-02;1217;90434;171;0;0;4347824;2658111;785;0;0
FR;3;2021-07-03;565;31190;54;0;0;4348389;2689301;839;0;0
FR;3;2021-07-04;94;4275;3;0;0;4348483;2693576;842;0;0
FR;3;2021-07-05;545;33930;60;0;0;4349028;2727506;902;0;0
FR;3;2021-07-06;850;56125;87;0;0;4349878;2783631;989;0;0
FR;3;2021-07-07;781;43078;77;0;0;4350659;2826709;1066;0;0
FR;3;2021-07-08;1046;60746;99;0;0;4351705;2887455;1165;0;0
FR;3;2021-07-09;1183;68833;125;0;0;4352888;2956288;1290;0;0
FR;3;2021-07-10;566;25051;58;0;0;4353454;2981339;1348;0;0
FR;3;2021-07-11;81;3309;4;0;0;4353535;2984648;1352;0;0
FR;3;2021-07-12;558;23930;58;0;0;4354093;3008578;1410;0;0
FR;3;2021-07-13;1544;34754;88;0;0;4355637;3043332;1498;0;0
FR;3;2021-07-14;164;2650;2;0;0;4355801;3045982;1500;0;0
FR;3;2021-07-15;1852;30693;82;0;0;4357653;3076675;1582;0;0
FR;3;2021-07-16;2425;38901;123;0;0;4360078;3115576;1705;0;0
FR;3;2021-07-17;984;13751;26;0;0;4361062;3129327;1731;0;0
FR;3;2021-07-18;209;2610;3;0;0;4361271;3131937;1734;0;0
FR;3;2021-07-19;1202;17237;34;0;0;4362473;3149174;1768;0;0
FR;3;2021-07-20;1752;27170;93;0;0;4364225;3176344;1861;0;0
FR;3;2021-07-21;1576;19744;43;0;0;4365801;3196088;1904;0;0
FR;3;2021-07-22;1760;27795;79;0;0;4367561;3223883;1983;0;0
FR;3;2021-07-23;2133;30477;114;0;0;4369694;3254360;2097;0;0
FR;3;2021-07-24;776;7019;23;0;0;4370470;3261379;2120;0;0
FR;3;2021-07-25;176;1350;1;0;0;4370646;3262729;2121;0;0
FR;3;2021-07-26;828;10717;28;0;0;4371474;3273446;2149;0;0
FR;3;2021-07-27;1094;16976;55;0;0;4372568;3290422;2204;0;0
FR;3;2021-07-28;905;12124;37;0;0;4373473;3302546;2241;0;0
FR;3;2021-07-29;1063;15868;63;0;0;4374536;3318414;2304;0;0
FR;3;2021-07-30;1061;18109;76;0;0;4375597;3336523;2380;0;0
FR;3;2021-07-31;349;3749;14;0;0;4375946;3340272;2394;0;0
FR;3;2021-08-01;64;482;1;0;0;4376010;3340754;2395;0;0
FR;3;2021-08-02;347;5160;23;0;0;4376357;3345914;2418;0;0
FR;3;2021-08-03;436;7587;26;0;0;4376793;3353501;2444;0;0
FR;3;2021-08-04;383;4893;25;0;0;4377176;3358394;2469;0;0
FR;3;2021-08-05;377;3749;12;0;0;4377553;3362143;2481;0;0
FR;3;2021-08-06;408;4785;29;0;0;4377961;3366928;2510;0;0
FR;3;2021-08-07;173;1923;11;0;0;4378134;3368851;2521;0;0
FR;3;2021-08-08;107;423;2;0;0;4378241;3369274;2523;0;0
FR;3;2021-08-09;242;2521;10;0;0;4378483;3371795;2533;0;0
FR;3;2021-08-10;292;3897;15;0;0;4378775;3375692;2548;0;0
FR;3;2021-08-11;214;2719;14;0;0;4378989;3378411;2562;0;0
FR;3;2021-08-12;221;2624;12;0;0;4379210;3381035;2574;0;0
FR;3;2021-08-13;238;2251;15;0;0;4379448;3383286;2589;0;0
FR;3;2021-08-14;135;934;1;0;0;4379583;3384220;2590;0;0
FR;3;2021-08-15;26;161;0;0;0;4379609;3384381;2590;0;0
FR;3;2021-08-16;94;1089;8;0;0;4379703;3385470;2598;0;0
FR;3;2021-08-17;130;1494;7;0;0;4379833;3386964;2605;0;0
FR;3;2021-08-18;140;1343;8;0;0;4379973;3388307;2613;0;0
FR;3;2021-08-19;133;1426;9;0;0;4380106;3389733;2622;0;0
FR;3;2021-08-20;126;1625;15;0;0;4380232;3391358;2637;0;0
FR;3;2021-08-21;66;583;0;0;0;4380298;3391941;2637;0;0
FR;3;2021-08-22;19;168;1;0;0;4380317;3392109;2638;0;0
FR;3;2021-08-23;98;921;7;0;0;4380415;3393030;2645;0;0
FR;3;2021-08-24;94;957;9;0;0;4380509;3393987;2654;0;0
FR;3;2021-08-25;102;834;2;0;0;4380611;3394821;2656;0;0
FR;3;2021-08-26;136;876;9;0;0;4380747;3395697;2665;0;0
FR;3;2021-08-27;142;953;9;0;0;4380889;3396650;2674;0;0
FR;3;2021-08-28;76;354;3;0;0;4380965;3397004;2677;0;0
FR;3;2021-08-29;34;123;1;0;0;4380999;3397127;2678;0;0
FR;3;2021-08-30;60;590;0;0;200;4381059;3397717;2678;0;200
FR;3;2021-08-31;85;709;7;0;215;4381144;3398426;2685;0;415
FR;3;2021-09-01;74;467;4;0;159;4381218;3398893;2689;0;574
FR;3;2021-09-02;72;623;21;0;178;4381290;3399516;2710;0;752
FR;3;2021-09-03;82;586;17;0;187;4381372;3400102;2727;0;939
FR;3;2021-09-04;30;279;3;0;70;4381402;3400381;2730;0;1009
FR;3;2021-09-05;17;58;4;0;37;4381419;3400439;2734;0;1046
FR;3;2021-09-06;55;401;3;0;202;4381474;3400840;2737;0;1248
FR;3;2021-09-07;82;482;13;0;189;4381556;3401322;2750;0;1437
FR;3;2021-09-08;71;353;0;0;134;4381627;3401675;2750;0;1571
FR;3;2021-09-09;51;386;5;0;144;4381678;3402061;2755;0;1715
FR;3;2021-09-10;70;421;3;0;144;4381748;3402482;2758;0;1859
FR;3;2021-09-11;36;229;4;0;76;4381784;3402711;2762;0;1935
FR;3;2021-09-12;12;46;1;0;22;4381796;3402757;2763;0;1957
FR;3;2021-09-13;31;332;4;0;165;4381827;3403089;2767;0;2122
FR;3;2021-09-14;27;286;4;0;137;4381854;3403375;2771;0;2259
FR;3;2021-09-15;20;258;3;0;6;4381874;3403633;2774;0;2265
FR;3;2021-09-16;27;332;5;0;5;4381901;3403965;2779;0;2270
FR;3;2021-09-17;30;345;3;0;7;4381931;3404310;2782;0;2277
FR;3;2021-09-18;15;169;0;0;1;4381946;3404479;2782;0;2278
FR;3;2021-09-19;6;29;1;0;0;4381952;3404508;2783;0;2278
FR;3;2021-09-20;42;212;0;0;1;4381994;3404720;2783;0;2279
FR;3;2021-09-21;23;274;4;0;11;4382017;3404994;2787;0;2290
FR;3;2021-09-22;18;219;6;0;8;4382035;3405213;2793;0;2298
FR;3;2021-09-23;12;267;10;0;6;4382047;3405480;2803;0;2304
FR;3;2021-09-24;11;311;9;0;17;4382058;3405791;2812;0;2321
FR;3;2021-09-25;15;154;3;0;4;4382073;3405945;2815;0;2325
FR;3;2021-09-26;2;40;1;0;1;4382075;3405985;2816;0;2326
FR;3;2021-09-27;14;275;2;0;4;4382089;3406260;2818;0;2330
FR;3;2021-09-28;14;257;5;0;9;4382103;3406517;2823;0;2339
FR;3;2021-09-29;14;209;5;0;8;4382117;3406726;2828;0;2347
FR;3;2021-09-30;15;186;7;0;11;4382132;3406912;2835;0;2358
FR;3;2021-10-01;6;166;4;0;6;4382138;3407078;2839;0;2364
FR;3;2021-10-02;3;85;0;0;0;4382141;3407163;2839;0;2364
FR;3;2021-10-03;3;16;1;0;2;4382144;3407179;2840;0;2366
FR;3;2021-10-04;5;151;4;0;4;4382149;3407330;2844;0;2370
FR;3;2021-10-05;3;146;10;0;13;4382152;3407476;2854;0;2383
FR;3;2021-10-06;11;152;7;0;8;4382163;3407628;2861;0;2391
FR;3;2021-10-07;4;134;6;0;6;4382167;3407762;2867;0;2397
FR;3;2021-10-08;10;138;9;0;9;4382177;3407900;2876;0;2406
FR;3;2021-10-09;4;70;1;0;1;4382181;3407970;2877;0;2407
FR;3;2021-10-10;0;11;0;0;0;4382181;3407981;2877;0;2407
FR;3;2021-10-11;6;119;5;0;6;4382187;3408100;2882;0;2413
FR;3;2021-10-12;1;101;1;0;1;4382188;3408201;2883;0;2414
FR;3;2021-10-13;7;106;5;0;3;4382195;3408307;2888;0;2417
FR;3;2021-10-14;0;146;2;0;3;4382195;3408453;2890;0;2420
FR;3;2021-10-15;7;145;5;0;7;4382202;3408598;2895;0;2427
FR;3;2021-10-16;1;73;2;0;4;4382203;3408671;2897;0;2431
FR;3;2021-10-17;0;18;0;0;0;4382203;3408689;2897;0;2431
FR;3;2021-10-18;8;121;2;0;1;4382211;3408810;2899;0;2432
FR;3;2021-10-19;3;116;16;0;18;4382214;3408926;2915;0;2450
FR;3;2021-10-20;5;116;4;0;3;4382219;3409042;2919;0;2453
FR;3;2021-10-21;4;123;17;0;12;4382223;3409165;2936;0;2465
FR;3;2021-10-22;1;118;14;0;18;4382224;3409283;2950;0;2483
FR;3;2021-10-23;6;56;0;0;0;4382230;3409339;2950;0;2483
FR;3;2021-10-24;0;15;0;0;1;4382230;3409354;2950;0;2484
FR;3;2021-10-25;0;147;4;0;4;4382230;3409501;2954;0;2488
FR;3;2021-10-26;2;111;18;0;15;4382232;3409612;2972;0;2503
FR;3;2021-10-27;0;115;7;0;7;4382232;3409727;2979;0;2510
FR;3;2021-10-28;4;128;30;0;33;4382236;3409855;3009;0;2543
FR;3;2021-10-29;3;122;61;0;52;4382239;3409977;3070;0;2595
FR;3;2021-10-30;2;73;9;0;8;4382241;3410050;3079;0;2603
FR;3;2021-10-31;0;17;1;0;1;4382241;3410067;3080;0;2604
FR;3;2021-11-01;0;9;2;0;2;4382241;3410076;3082;0;2606
FR;3;2021-11-02;3;101;8;0;10;4382244;3410177;3090;0;2616
FR;4;2020-12-27;0;0;0;0;0;0;0;0;0;0
FR;4;2020-12-28;0;0;0;0;0;0;0;0;0;0
FR;4;2020-12-29;0;0;0;0;0;0;0;0;0;0
FR;4;2020-12-30;0;0;0;0;0;0;0;0;0;0
FR;4;2020-12-31;0;0;0;0;0;0;0;0;0;0
FR;4;2021-01-01;0;0;0;0;0;0;0;0;0;0
FR;4;2021-01-02;0;0;0;0;0;0;0;0;0;0
FR;4;2021-01-03;0;0;0;0;0;0;0;0;0;0
FR;4;2021-01-04;0;0;0;0;0;0;0;0;0;0
FR;4;2021-01-05;0;0;0;0;0;0;0;0;0;0
FR;4;2021-01-06;0;0;0;0;0;0;0;0;0;0
FR;4;2021-01-07;0;0;0;0;0;0;0;0;0;0
FR;4;2021-01-08;0;0;0;0;0;0;0;0;0;0
FR;4;2021-01-09;0;0;0;0;0;0;0;0;0;0
FR;4;2021-01-10;0;0;0;0;0;0;0;0;0;0
FR;4;2021-01-11;0;0;0;0;0;0;0;0;0;0
FR;4;2021-01-12;0;0;0;0;0;0;0;0;0;0
FR;4;2021-01-13;0;0;0;0;0;0;0;0;0;0
FR;4;2021-01-14;0;0;0;0;0;0;0;0;0;0
FR;4;2021-01-15;0;0;0;0;0;0;0;0;0;0
FR;4;2021-01-16;0;0;0;0;0;0;0;0;0;0
FR;4;2021-01-17;0;0;0;0;0;0;0;0;0;0
FR;4;2021-01-18;0;0;0;0;0;0;0;0;0;0
FR;4;2021-01-19;0;0;0;0;0;0;0;0;0;0
FR;4;2021-01-20;0;0;0;0;0;0;0;0;0;0
FR;4;2021-01-21;0;0;0;0;0;0;0;0;0;0
FR;4;2021-01-22;0;0;0;0;0;0;0;0;0;0
FR;4;2021-01-23;0;0;0;0;0;0;0;0;0;0
FR;4;2021-01-24;0;0;0;0;0;0;0;0;0;0
FR;4;2021-01-25;0;0;0;0;0;0;0;0;0;0
FR;4;2021-01-26;0;0;0;0;0;0;0;0;0;0
FR;4;2021-01-27;0;0;0;0;0;0;0;0;0;0
FR;4;2021-01-28;0;0;0;0;0;0;0;0;0;0
FR;4;2021-01-29;0;0;0;0;0;0;0;0;0;0
FR;4;2021-01-30;0;0;0;0;0;0;0;0;0;0
FR;4;2021-01-31;0;0;0;0;0;0;0;0;0;0
FR;4;2021-02-01;0;0;0;0;0;0;0;0;0;0
FR;4;2021-02-02;0;0;0;0;0;0;0;0;0;0
FR;4;2021-02-03;0;0;0;0;0;0;0;0;0;0
FR;4;2021-02-04;0;0;0;0;0;0;0;0;0;0
FR;4;2021-02-05;0;0;0;0;0;0;0;0;0;0
FR;4;2021-02-06;0;0;0;0;0;0;0;0;0;0
FR;4;2021-02-07;0;0;0;0;0;0;0;0;0;0
FR;4;2021-02-08;0;0;0;0;0;0;0;0;0;0
FR;4;2021-02-09;0;0;0;0;0;0;0;0;0;0
FR;4;2021-02-10;0;0;0;0;0;0;0;0;0;0
FR;4;2021-02-11;0;0;0;0;0;0;0;0;0;0
FR;4;2021-02-12;0;0;0;0;0;0;0;0;0;0
FR;4;2021-02-13;0;0;0;0;0;0;0;0;0;0
FR;4;2021-02-14;0;0;0;0;0;0;0;0;0;0
FR;4;2021-02-15;0;0;0;0;0;0;0;0;0;0
FR;4;2021-02-16;0;0;0;0;0;0;0;0;0;0
FR;4;2021-02-17;0;0;0;0;0;0;0;0;0;0
FR;4;2021-02-18;0;0;0;0;0;0;0;0;0;0
FR;4;2021-02-19;0;0;0;0;0;0;0;0;0;0
FR;4;2021-02-20;0;0;0;0;0;0;0;0;0;0
FR;4;2021-02-21;0;0;0;0;0;0;0;0;0;0
FR;4;2021-02-22;0;0;0;0;0;0;0;0;0;0
FR;4;2021-02-23;0;0;0;0;0;0;0;0;0;0
FR;4;2021-02-24;0;0;0;0;0;0;0;0;0;0
FR;4;2021-02-25;0;0;0;0;0;0;0;0;0;0
FR;4;2021-02-26;0;0;0;0;0;0;0;0;0;0
FR;4;2021-02-27;0;0;0;0;0;0;0;0;0;0
FR;4;2021-02-28;0;0;0;0;0;0;0;0;0;0
FR;4;2021-03-01;0;0;0;0;0;0;0;0;0;0
FR;4;2021-03-02;0;0;0;0;0;0;0;0;0;0
FR;4;2021-03-03;0;0;0;0;0;0;0;0;0;0
FR;4;2021-03-04;0;0;0;0;0;0;0;0;0;0
FR;4;2021-03-05;0;1;0;0;0;0;1;0;0;0
FR;4;2021-03-06;0;0;0;0;0;0;1;0;0;0
FR;4;2021-03-07;0;0;0;0;0;0;1;0;0;0
FR;4;2021-03-08;0;0;0;0;0;0;1;0;0;0
FR;4;2021-03-09;0;0;0;0;0;0;1;0;0;0
FR;4;2021-03-10;0;0;0;0;0;0;1;0;0;0
FR;4;2021-03-11;0;0;0;0;0;0;1;0;0;0
FR;4;2021-03-12;0;0;0;0;0;0;1;0;0;0
FR;4;2021-03-13;0;0;0;0;0;0;1;0;0;0
FR;4;2021-03-14;0;0;0;0;0;0;1;0;0;0
FR;4;2021-03-15;0;0;0;0;0;0;1;0;0;0
FR;4;2021-03-16;0;0;0;0;0;0;1;0;0;0
FR;4;2021-03-17;0;0;0;0;0;0;1;0;0;0
FR;4;2021-03-18;0;0;0;0;0;0;1;0;0;0
FR;4;2021-03-19;0;0;0;0;0;0;1;0;0;0
FR;4;2021-03-20;0;0;0;0;0;0;1;0;0;0
FR;4;2021-03-21;0;0;0;0;0;0;1;0;0;0
FR;4;2021-03-22;0;1;0;0;0;0;2;0;0;0
FR;4;2021-03-23;0;0;0;0;0;0;2;0;0;0
FR;4;2021-03-24;0;0;0;0;0;0;2;0;0;0
FR;4;2021-03-25;0;1;0;0;0;0;3;0;0;0
FR;4;2021-03-26;0;0;0;0;0;0;3;0;0;0
FR;4;2021-03-27;0;0;0;0;0;0;3;0;0;0
FR;4;2021-03-28;0;0;0;0;0;0;3;0;0;0
FR;4;2021-03-29;0;2;0;0;0;0;5;0;0;0
FR;4;2021-03-30;0;4;0;0;0;0;9;0;0;0
FR;4;2021-03-31;0;3;0;0;0;0;12;0;0;0
FR;4;2021-04-01;0;0;0;0;0;0;12;0;0;0
FR;4;2021-04-02;0;1;0;0;0;0;13;0;0;0
FR;4;2021-04-03;0;0;0;0;0;0;13;0;0;0
FR;4;2021-04-04;0;0;0;0;0;0;13;0;0;0
FR;4;2021-04-05;0;0;0;0;0;0;13;0;0;0
FR;4;2021-04-06;0;8;0;0;0;0;21;0;0;0
FR;4;2021-04-07;0;2;0;0;0;0;23;0;0;0
FR;4;2021-04-08;0;3;0;0;0;0;26;0;0;0
FR;4;2021-04-09;0;7;0;0;0;0;33;0;0;0
FR;4;2021-04-10;0;0;0;0;0;0;33;0;0;0
FR;4;2021-04-11;0;0;0;0;0;0;33;0;0;0
FR;4;2021-04-12;0;6;0;0;0;0;39;0;0;0
FR;4;2021-04-13;0;9;0;0;0;0;48;0;0;0
FR;4;2021-04-14;0;0;0;0;0;0;48;0;0;0
FR;4;2021-04-15;0;0;0;0;0;0;48;0;0;0
FR;4;2021-04-16;0;0;0;0;0;0;48;0;0;0
FR;4;2021-04-17;0;0;0;0;0;0;48;0;0;0
FR;4;2021-04-18;0;0;0;0;0;0;48;0;0;0
FR;4;2021-04-19;0;0;0;0;0;0;48;0;0;0
FR;4;2021-04-20;0;0;0;0;0;0;48;0;0;0
FR;4;2021-04-21;0;0;0;0;0;0;48;0;0;0
FR;4;2021-04-22;0;0;0;0;0;0;48;0;0;0
FR;4;2021-04-23;3100;0;0;0;0;3100;48;0;0;0
FR;4;2021-04-24;1563;0;0;0;0;4663;48;0;0;0
FR;4;2021-04-25;123;0;0;0;0;4786;48;0;0;0
FR;4;2021-04-26;2858;0;0;0;0;7644;48;0;0;0
FR;4;2021-04-27;9471;3;0;0;0;17115;51;0;0;0
FR;4;2021-04-28;9857;3;0;0;0;26972;54;0;0;0
FR;4;2021-04-29;15955;8;0;0;0;42927;62;0;0;0
FR;4;2021-04-30;19186;7;0;0;0;62113;69;0;0;0
FR;4;2021-05-01;1952;5;0;0;0;64065;74;0;0;0
FR;4;2021-05-02;463;0;0;0;0;64528;74;0;0;0
FR;4;2021-05-03;4999;1;0;0;0;69527;75;0;0;0
FR;4;2021-05-04;8326;8;0;0;0;77853;83;0;0;0
FR;4;2021-05-05;6093;7;0;0;0;83946;90;0;0;0
FR;4;2021-05-06;11321;10;0;0;0;95267;100;0;0;0
FR;4;2021-05-07;19021;8;0;0;0;114288;108;0;0;0
FR;4;2021-05-08;2320;5;0;0;0;116608;113;0;0;0
FR;4;2021-05-09;655;2;0;0;0;117263;115;0;0;0
FR;4;2021-05-10;7173;7;1;0;0;124436;122;1;0;0
FR;4;2021-05-11;14235;11;0;0;0;138671;133;1;0;0
FR;4;2021-05-12;10089;17;0;0;0;148760;150;1;0;0
FR;4;2021-05-13;1522;3;0;0;0;150282;153;1;0;0
FR;4;2021-05-14;7673;6;0;0;0;157955;159;1;0;0
FR;4;2021-05-15;3662;6;1;0;0;161617;165;2;0;0
FR;4;2021-05-16;392;1;0;0;0;162009;166;2;0;0
FR;4;2021-05-17;4401;5;0;0;0;166410;171;2;0;0
FR;4;2021-05-18;8673;10;0;0;0;175083;181;2;0;0
FR;4;2021-05-19;5605;5;0;0;0;180688;186;2;0;0
FR;4;2021-05-20;9351;6;0;0;0;190039;192;2;0;0
FR;4;2021-05-21;12682;28;0;0;0;202721;220;2;0;0
FR;4;2021-05-22;4978;13;0;0;0;207699;233;2;0;0
FR;4;2021-05-23;460;2;0;0;0;208159;235;2;0;0
FR;4;2021-05-24;994;4;0;0;0;209153;239;2;0;0
FR;4;2021-05-25;7505;16;0;0;0;216658;255;2;0;0
FR;4;2021-05-26;7641;13;0;0;0;224299;268;2;0;0
FR;4;2021-05-27;14221;34;0;0;0;238520;302;2;0;0
FR;4;2021-05-28;26395;81;1;0;0;264915;383;3;0;0
FR;4;2021-05-29;11247;20;0;0;0;276162;403;3;0;0
FR;4;2021-05-30;881;2;0;0;0;277043;405;3;0;0
FR;4;2021-05-31;12514;19;0;0;0;289557;424;3;0;0
FR;4;2021-06-01;20019;41;1;0;0;309576;465;4;0;0
FR;4;2021-06-02;14350;33;0;0;0;323926;498;4;0;0
FR;4;2021-06-03;19274;24;0;0;0;343200;522;4;0;0
FR;4;2021-06-04;22313;45;0;0;0;365513;567;4;0;0
FR;4;2021-06-05;9615;31;0;0;0;375128;598;4;0;0
FR;4;2021-06-06;955;0;0;0;0;376083;598;4;0;0
FR;4;2021-06-07;9037;16;0;0;0;385120;614;4;0;0
FR;4;2021-06-08;14454;28;0;0;0;399574;642;4;0;0
FR;4;2021-06-09;12043;24;0;0;0;411617;666;4;0;0
FR;4;2021-06-10;15244;27;0;0;0;426861;693;4;0;0
FR;4;2021-06-11;16807;55;0;0;0;443668;748;4;0;0
FR;4;2021-06-12;7330;27;0;0;0;450998;775;4;0;0
FR;4;2021-06-13;856;2;0;0;0;451854;777;4;0;0
FR;4;2021-06-14;6518;22;0;0;0;458372;799;4;0;0
FR;4;2021-06-15;10766;36;0;0;0;469138;835;4;0;0
FR;4;2021-06-16;8761;14;0;0;0;477899;849;4;0;0
FR;4;2021-06-17;10746;34;0;0;0;488645;883;4;0;0
FR;4;2021-06-18;12269;42;0;0;0;500914;925;4;0;0
FR;4;2021-06-19;5485;24;0;0;0;506399;949;4;0;0
FR;4;2021-06-20;636;2;0;0;0;507035;951;4;0;0
FR;4;2021-06-21;4940;17;0;0;0;511975;968;4;0;0
FR;4;2021-06-22;7733;25;2;0;0;519708;993;6;0;0
FR;4;2021-06-23;6968;36;1;0;0;526676;1029;7;0;0
FR;4;2021-06-24;8492;43;0;0;0;535168;1072;7;0;0
FR;4;2021-06-25;9954;37;2;0;0;545122;1109;9;0;0
FR;4;2021-06-26;4660;20;0;0;0;549782;1129;9;0;0
FR;4;2021-06-27;620;2;0;0;0;550402;1131;9;0;0
FR;4;2021-06-28;4611;15;1;0;0;555013;1146;10;0;0
FR;4;2021-06-29;6840;23;2;0;0;561853;1169;12;0;0
FR;4;2021-06-30;6466;36;0;0;0;568319;1205;12;0;0
FR;4;2021-07-01;7956;34;0;0;0;576275;1239;12;0;0
FR;4;2021-07-02;9228;50;1;0;0;585503;1289;13;0;0
FR;4;2021-07-03;4715;18;0;0;0;590218;1307;13;0;0
FR;4;2021-07-04;583;5;0;0;0;590801;1312;13;0;0
FR;4;2021-07-05;4623;18;2;0;0;595424;1330;15;0;0
FR;4;2021-07-06;7514;24;4;0;0;602938;1354;19;0;0
FR;4;2021-07-07;6798;27;2;0;0;609736;1381;21;0;0
FR;4;2021-07-08;9015;37;3;0;0;618751;1418;24;0;0
FR;4;2021-07-09;10105;30;1;0;0;628856;1448;25;0;0
FR;4;2021-07-10;4485;10;2;0;0;633341;1458;27;0;0
FR;4;2021-07-11;512;0;1;0;0;633853;1458;28;0;0
FR;4;2021-07-12;5690;27;0;0;0;639543;1485;28;0;0
FR;4;2021-07-13;14038;26;0;0;0;653581;1511;28;0;0
FR;4;2021-07-14;2084;6;0;0;0;655665;1517;28;0;0
FR;4;2021-07-15;18013;32;0;0;0;673678;1549;28;0;0
FR;4;2021-07-16;22562;65;2;0;0;696240;1614;30;0;0
FR;4;2021-07-17;9569;16;0;0;0;705809;1630;30;0;0
FR;4;2021-07-18;1279;3;0;0;0;707088;1633;30;0;0
FR;4;2021-07-19;12751;26;1;0;0;719839;1659;31;0;0
FR;4;2021-07-20;17110;27;1;0;0;736949;1686;32;0;0
FR;4;2021-07-21;15341;29;1;0;0;752290;1715;33;0;0
FR;4;2021-07-22;18014;40;2;0;0;770304;1755;35;0;0
FR;4;2021-07-23;20115;48;5;0;0;790419;1803;40;0;0
FR;4;2021-07-24;9066;30;0;0;0;799485;1833;40;0;0
FR;4;2021-07-25;1212;6;0;0;0;800697;1839;40;0;0
FR;4;2021-07-26;10724;18;0;0;0;811421;1857;40;0;0
FR;4;2021-07-27;14229;30;1;0;0;825650;1887;41;0;0
FR;4;2021-07-28;12438;20;2;0;0;838088;1907;43;0;0
FR;4;2021-07-29;13754;46;3;0;0;851842;1953;46;0;0
FR;4;2021-07-30;15195;39;2;0;0;867037;1992;48;0;0
FR;4;2021-07-31;6610;11;1;0;0;873647;2003;49;0;0
FR;4;2021-08-01;807;1;0;0;0;874454;2004;49;0;0
FR;4;2021-08-02;7588;17;0;0;0;882042;2021;49;0;0
FR;4;2021-08-03;10311;21;2;0;0;892353;2042;51;0;0
FR;4;2021-08-04;9105;21;0;0;0;901458;2063;51;0;0
FR;4;2021-08-05;9221;31;0;0;0;910679;2094;51;0;0
FR;4;2021-08-06;9705;20;4;0;0;920384;2114;55;0;0
FR;4;2021-08-07;4680;24;1;0;0;925064;2138;56;0;0
FR;4;2021-08-08;1002;8;0;0;0;926066;2146;56;0;0
FR;4;2021-08-09;5816;17;0;0;0;931882;2163;56;0;0
FR;4;2021-08-10;8381;13;0;0;0;940263;2176;56;0;0
FR;4;2021-08-11;7639;21;3;0;0;947902;2197;59;0;0
FR;4;2021-08-12;8175;12;1;0;0;956077;2209;60;0;0
FR;4;2021-08-13;7118;22;0;0;0;963195;2231;60;0;0
FR;4;2021-08-14;3525;16;0;0;0;966720;2247;60;0;0
FR;4;2021-08-15;621;2;0;0;0;967341;2249;60;0;0
FR;4;2021-08-16;3745;8;0;0;0;971086;2257;60;0;0
FR;4;2021-08-17;5335;8;1;0;0;976421;2265;61;0;0
FR;4;2021-08-18;4898;24;0;0;0;981319;2289;61;0;0
FR;4;2021-08-19;5212;13;2;0;0;986531;2302;63;0;0
FR;4;2021-08-20;4941;11;1;0;0;991472;2313;64;0;0
FR;4;2021-08-21;2142;16;1;0;0;993614;2329;65;0;0
FR;4;2021-08-22;343;1;0;0;0;993957;2330;65;0;0
FR;4;2021-08-23;2647;4;1;0;0;996604;2334;66;0;0
FR;4;2021-08-24;3523;10;0;0;0;1000127;2344;66;0;0
FR;4;2021-08-25;3363;18;0;1;1;1003490;2362;66;1;1
FR;4;2021-08-26;3537;15;0;0;0;1007027;2377;66;1;1
FR;4;2021-08-27;3442;17;2;0;0;1010469;2394;68;1;1
FR;4;2021-08-28;1616;9;1;0;0;1012085;2403;69;1;1
FR;4;2021-08-29;353;4;1;0;0;1012438;2407;70;1;1
FR;4;2021-08-30;1855;13;0;0;7;1014293;2420;70;1;8
FR;4;2021-08-31;2339;12;0;0;6;1016632;2432;70;1;14
FR;4;2021-09-01;1915;25;1;0;12;1018547;2457;71;1;26
FR;4;2021-09-02;2171;20;6;0;10;1020718;2477;77;1;36
FR;4;2021-09-03;2258;36;5;0;31;1022976;2513;82;1;67
FR;4;2021-09-04;1310;13;0;0;8;1024286;2526;82;1;75
FR;4;2021-09-05;378;0;0;0;0;1024664;2526;82;1;75
FR;4;2021-09-06;1587;41;0;0;10;1026251;2567;82;1;85
FR;4;2021-09-07;1558;9;0;0;2;1027809;2576;82;1;87
FR;4;2021-09-08;1162;16;4;0;12;1028971;2592;86;1;99
FR;4;2021-09-09;1286;18;2;0;5;1030257;2610;88;1;104
FR;4;2021-09-10;1414;15;2;0;10;1031671;2625;90;1;114
FR;4;2021-09-11;692;11;0;0;1;1032363;2636;90;1;115
FR;4;2021-09-12;131;2;0;0;2;1032494;2638;90;1;117
FR;4;2021-09-13;955;11;2;0;9;1033449;2649;92;1;126
FR;4;2021-09-14;1034;4;2;0;3;1034483;2653;94;1;129
FR;4;2021-09-15;915;10;0;0;7;1035398;2663;94;1;136
FR;4;2021-09-16;732;9;1;0;3;1036130;2672;95;1;139
FR;4;2021-09-17;713;16;1;0;9;1036843;2688;96;1;148
FR;4;2021-09-18;411;0;3;0;3;1037254;2688;99;1;151
FR;4;2021-09-19;156;1;3;0;3;1037410;2689;102;1;154
FR;4;2021-09-20;335;9;0;0;3;1037745;2698;102;1;157
FR;4;2021-09-21;354;4;0;0;2;1038099;2702;102;1;159
FR;4;2021-09-22;305;11;2;0;7;1038404;2713;104;1;166
FR;4;2021-09-23;388;5;1;0;4;1038792;2718;105;1;170
FR;4;2021-09-24;346;10;4;0;9;1039138;2728;109;1;179
FR;4;2021-09-25;234;9;0;0;3;1039372;2737;109;1;182
FR;4;2021-09-26;49;1;0;0;0;1039421;2738;109;1;182
FR;4;2021-09-27;210;8;0;0;7;1039631;2746;109;1;189
FR;4;2021-09-28;253;1;0;0;1;1039884;2747;109;1;190
FR;4;2021-09-29;301;9;1;0;4;1040185;2756;110;1;194
FR;4;2021-09-30;286;28;0;0;11;1040471;2784;110;1;205
FR;4;2021-10-01;301;13;3;0;9;1040772;2797;113;1;214
FR;4;2021-10-02;137;18;0;0;9;1040909;2815;113;1;223
FR;4;2021-10-03;57;1;0;0;0;1040966;2816;113;1;223
FR;4;2021-10-04;248;14;1;0;9;1041214;2830;114;1;232
FR;4;2021-10-05;183;9;1;0;5;1041397;2839;115;1;237
FR;4;2021-10-06;183;11;1;0;9;1041580;2850;116;1;246
FR;4;2021-10-07;189;17;2;0;12;1041769;2867;118;1;258
FR;4;2021-10-08;232;13;2;0;10;1042001;2880;120;1;268
FR;4;2021-10-09;135;6;2;0;2;1042136;2886;122;1;270
FR;4;2021-10-10;49;2;0;0;1;1042185;2888;122;1;271
FR;4;2021-10-11;156;9;0;0;7;1042341;2897;122;1;278
FR;4;2021-10-12;143;11;0;0;10;1042484;2908;122;1;288
FR;4;2021-10-13;151;12;1;0;10;1042635;2920;123;1;298
FR;4;2021-10-14;221;12;3;0;6;1042856;2932;126;1;304
FR;4;2021-10-15;213;18;1;0;16;1043069;2950;127;1;320
FR;4;2021-10-16;93;4;2;0;4;1043162;2954;129;1;324
FR;4;2021-10-17;50;2;0;0;1;1043212;2956;129;1;325
FR;4;2021-10-18;175;6;1;0;6;1043387;2962;130;1;331
FR;4;2021-10-19;155;9;2;0;11;1043542;2971;132;1;342
FR;4;2021-10-20;164;7;2;0;5;1043706;2978;134;1;347
FR;4;2021-10-21;162;13;0;0;9;1043868;2991;134;1;356
FR;4;2021-10-22;149;10;1;0;10;1044017;3001;135;1;366
FR;4;2021-10-23;80;2;1;0;2;1044097;3003;136;1;368
FR;4;2021-10-24;17;3;0;0;0;1044114;3006;136;1;368
FR;4;2021-10-25;127;1;0;0;1;1044241;3007;136;1;369
FR;4;2021-10-26;141;5;0;0;4;1044382;3012;136;1;373
FR;4;2021-10-27;106;5;2;0;7;1044488;3017;138;1;380
FR;4;2021-10-28;102;9;2;0;11;1044590;3026;140;1;391
FR;4;2021-10-29;70;6;0;0;5;1044660;3032;140;1;396
FR;4;2021-10-30;56;0;0;0;0;1044716;3032;140;1;396
FR;4;2021-10-31;24;0;1;0;1;1044740;3032;141;1;397
FR;4;2021-11-01;38;0;0;0;0;1044778;3032;141;1;397
FR;4;2021-11-02;71;2;0;0;1;1044849;3034;141;1;398
FR;0;2020-12-27;432;0;0;0;0;432;0;0;0;0
FR;0;2020-12-28;453;0;0;0;0;885;0;0;0;0
FR;0;2020-12-29;286;0;0;0;0;1171;0;0;0;0
FR;0;2020-12-30;340;0;0;0;0;1511;0;0;0;0
FR;0;2020-12-31;275;0;0;0;0;1786;0;0;0;0
FR;0;2021-01-01;318;0;0;0;0;2104;0;0;0;0
FR;0;2021-01-02;257;0;0;0;0;2361;0;0;0;0
FR;0;2021-01-03;285;0;0;0;0;2646;0;0;0;0
FR;0;2021-01-04;1798;0;0;0;0;4444;0;0;0;0
FR;0;2021-01-05;5740;0;0;0;0;10184;0;0;0;0
FR;0;2021-01-06;11635;0;0;0;0;21819;0;0;0;0
FR;0;2021-01-07;29104;0;0;0;0;50923;0;0;0;0
FR;0;2021-01-08;36768;0;0;0;0;87691;0;0;0;0
FR;0;2021-01-09;11105;0;0;0;0;98796;0;0;0;0
FR;0;2021-01-10;5778;0;0;0;0;104574;0;0;0;0
FR;0;2021-01-11;39673;0;0;0;0;144247;0;0;0;0
FR;0;2021-01-12;61731;0;0;0;0;205978;0;0;0;0
FR;0;2021-01-13;64683;0;0;0;0;270661;0;0;0;0
FR;0;2021-01-14;82215;0;0;0;0;352876;0;0;0;0
FR;0;2021-01-15;68576;0;0;0;0;421452;0;0;0;0
FR;0;2021-01-16;20053;86;0;0;0;441505;86;0;0;0
FR;0;2021-01-17;10854;41;0;0;0;452359;127;0;0;0
FR;0;2021-01-18;85474;159;0;0;0;537833;286;0;0;0
FR;0;2021-01-19;130184;124;0;0;0;668017;410;0;0;0
FR;0;2021-01-20;137109;154;0;0;0;805126;564;0;0;0
FR;0;2021-01-21;157731;129;0;0;0;962857;693;0;0;0
FR;0;2021-01-22;120544;160;0;0;0;1083401;853;0;0;0
FR;0;2021-01-23;38291;50;0;0;0;1121692;903;0;0;0
FR;0;2021-01-24;9635;27;0;0;0;1131327;930;0;0;0
FR;0;2021-01-25;77816;1210;0;0;0;1209143;2140;0;0;0
FR;0;2021-01-26;100027;3104;0;0;0;1309170;5244;0;0;0
FR;0;2021-01-27;106925;5584;0;0;0;1416095;10828;0;0;0
FR;0;2021-01-28;123954;14335;0;0;0;1540049;25163;0;0;0
FR;0;2021-01-29;91821;17256;0;0;0;1631870;42419;0;0;0
FR;0;2021-01-30;28965;4218;0;0;0;1660835;46637;0;0;0
FR;0;2021-01-31;5117;1677;0;0;0;1665952;48314;0;0;0
FR;0;2021-02-01;52341;21097;0;0;0;1718293;69411;0;0;0
FR;0;2021-02-02;71788;34523;0;0;0;1790081;103934;0;0;0
FR;0;2021-02-03;71910;36926;0;0;0;1861991;140860;0;0;0
FR;0;2021-02-04;81548;49995;0;0;0;1943539;190855;0;0;0
FR;0;2021-02-05;67879;45275;0;0;0;2011418;236130;0;0;0
FR;0;2021-02-06;22327;10382;0;0;0;2033745;246512;0;0;0
FR;0;2021-02-07;5056;5034;0;0;0;2038801;251546;0;0;0
FR;0;2021-02-08;46446;45926;0;0;0;2085247;297472;0;0;0
FR;0;2021-02-09;65610;72325;0;0;0;2150857;369797;0;0;0
FR;0;2021-02-10;70344;76645;0;0;0;2221201;446442;0;0;0
FR;0;2021-02-11;86709;99020;0;0;0;2307910;545462;0;0;0
FR;0;2021-02-12;78677;74149;0;0;0;2386587;619611;0;0;0
FR;0;2021-02-13;22079;19471;0;0;0;2408666;639082;0;0;0
FR;0;2021-02-14;4866;7184;0;0;0;2413532;646266;0;0;0
FR;0;2021-02-15;37617;76424;0;0;0;2451149;722690;0;0;0
FR;0;2021-02-16;49853;100598;0;0;0;2501002;823288;0;0;0
FR;0;2021-02-17;49998;102881;1;0;0;2551000;926169;1;0;0
FR;0;2021-02-18;69121;118386;0;0;0;2620121;1044555;1;0;0
FR;0;2021-02-19;64610;90657;0;0;0;2684731;1135212;1;0;0
FR;0;2021-02-20;18320;28389;0;0;0;2703051;1163601;1;0;0
FR;0;2021-02-21;3137;6368;0;0;0;2706188;1169969;1;0;0
FR;0;2021-02-22;37080;73058;1;0;0;2743268;1243027;2;0;0
FR;0;2021-02-23;53319;83974;1;0;0;2796587;1327001;3;0;0
FR;0;2021-02-24;59338;81036;1;0;0;2855925;1408037;4;0;0
FR;0;2021-02-25;99942;91308;1;0;0;2955867;1499345;5;0;0
FR;0;2021-02-26;112817;70926;0;0;0;3068684;1570271;5;0;0
FR;0;2021-02-27;51769;21959;0;0;0;3120453;1592230;5;0;0
FR;0;2021-02-28;5984;4409;1;0;0;3126437;1596639;6;0;0
FR;0;2021-03-01;64767;52731;0;0;0;3191204;1649370;6;0;0
FR;0;2021-03-02;100582;66180;1;0;0;3291786;1715550;7;0;0
FR;0;2021-03-03;115417;65481;0;0;0;3407203;1781031;7;0;0
FR;0;2021-03-04;162648;68811;2;0;0;3569851;1849842;9;0;0
FR;0;2021-03-05;199846;63310;3;0;0;3769697;1913152;12;0;0
FR;0;2021-03-06;207164;17805;3;0;0;3976861;1930957;15;0;0
FR;0;2021-03-07;120772;5465;0;0;0;4097633;1936422;15;0;0
FR;0;2021-03-08;106308;50757;0;0;0;4203941;1987179;15;0;0
FR;0;2021-03-09;171570;56728;1;0;0;4375511;2043907;16;0;0
FR;0;2021-03-10;177690;57144;3;0;0;4553201;2101051;19;0;0
FR;0;2021-03-11;241685;63038;0;0;0;4794886;2164089;19;0;0
FR;0;2021-03-12;293634;53471;0;0;0;5088520;2217560;19;0;0
FR;0;2021-03-13;230466;15287;0;0;0;5318986;2232847;19;0;0
FR;0;2021-03-14;62924;3428;0;0;0;5381910;2236275;19;0;0
FR;0;2021-03-15;157572;32606;1;0;0;5539482;2268881;20;0;0
FR;0;2021-03-16;140705;39487;1;0;0;5680187;2308368;21;0;0
FR;0;2021-03-17;149609;38753;2;0;0;5829796;2347121;23;0;0
FR;0;2021-03-18;166855;44573;1;0;0;5996651;2391694;24;0;0
FR;0;2021-03-19;228968;37430;0;0;0;6225619;2429124;24;0;0
FR;0;2021-03-20;165976;11765;0;0;0;6391595;2440889;24;0;0
FR;0;2021-03-21;49456;2625;1;0;0;6441051;2443514;25;0;0
FR;0;2021-03-22;168964;34257;1;0;0;6610015;2477771;26;0;0
FR;0;2021-03-23;249151;42358;1;0;0;6859166;2520129;27;0;0
FR;0;2021-03-24;255686;43800;0;0;0;7114852;2563929;27;0;0
FR;0;2021-03-25;340592;44707;2;0;0;7455444;2608636;29;0;0
FR;0;2021-03-26;357640;41854;1;0;0;7813084;2650490;30;0;0
FR;0;2021-03-27;194549;16633;0;0;0;8007633;2667123;30;0;0
FR;0;2021-03-28;58942;3728;2;0;0;8066575;2670851;32;0;0
FR;0;2021-03-29;202091;54255;1;0;0;8268666;2725106;33;0;0
FR;0;2021-03-30;284147;69613;3;0;0;8552813;2794719;36;0;0
FR;0;2021-03-31;261770;72879;3;0;0;8814583;2867598;39;0;0
FR;0;2021-04-01;313239;87735;6;0;0;9127822;2955333;45;0;0
FR;0;2021-04-02;280047;92073;5;0;0;9407869;3047406;50;0;0
FR;0;2021-04-03;140239;61806;3;0;0;9548108;3109212;53;0;0
FR;0;2021-04-04;45416;18649;1;0;0;9593524;3127861;54;0;0
FR;0;2021-04-05;59748;10989;5;0;0;9653272;3138850;59;0;0
FR;0;2021-04-06;215612;107795;8;0;0;9868884;3246645;67;0;0
FR;0;2021-04-07;258429;115380;6;0;0;10127313;3362025;73;0;0
FR;0;2021-04-08;335772;121354;6;0;0;10463085;3483379;79;0;0
FR;0;2021-04-09;408268;116424;33;0;0;10871353;3599803;112;0;0
FR;0;2021-04-10;211603;82708;9;0;0;11082956;3682511;121;0;0
FR;0;2021-04-11;55538;34574;3;0;0;11138494;3717085;124;0;0
FR;0;2021-04-12;235569;115159;30;0;0;11374063;3832244;154;0;0
FR;0;2021-04-13;307759;144882;61;0;0;11681822;3977126;215;0;0
FR;0;2021-04-14;292228;139324;132;0;0;11974050;4116450;347;0;0
FR;0;2021-04-15;334537;147792;190;0;0;12308587;4264242;537;0;0
FR;0;2021-04-16;337733;145694;232;0;0;12646320;4409936;769;0;0
FR;0;2021-04-17;187727;90205;59;0;0;12834047;4500141;828;0;0
FR;0;2021-04-18;51022;35418;25;0;0;12885069;4535559;853;0;0
FR;0;2021-04-19;204197;138300;355;0;0;13089266;4673859;1208;0;0
FR;0;2021-04-20;252489;170634;401;0;0;13341755;4844493;1609;0;0
FR;0;2021-04-21;251360;168731;581;0;0;13593115;5013224;2190;0;0
FR;0;2021-04-22;285696;188149;536;0;0;13878811;5201373;2726;0;0
FR;0;2021-04-23;295497;183200;507;0;0;14174308;5384573;3233;0;0
FR;0;2021-04-24;189344;111530;97;0;0;14363652;5496103;3330;0;0
FR;0;2021-04-25;68935;38856;32;0;0;14432587;5534959;3362;0;0
FR;0;2021-04-26;219569;156032;362;0;0;14652156;5690991;3724;0;0
FR;0;2021-04-27;282815;187415;633;0;0;14934971;5878406;4357;0;0
FR;0;2021-04-28;297814;183140;1129;0;0;15232785;6061546;5486;0;0
FR;0;2021-04-29;355124;196050;920;0;0;15587909;6257596;6406;0;0
FR;0;2021-04-30;370303;184767;757;1;1;15958212;6442363;7163;1;1
FR;0;2021-05-01;165155;52517;112;0;0;16123367;6494880;7275;1;1
FR;0;2021-05-02;90796;37827;51;0;0;16214163;6532707;7326;1;1
FR;0;2021-05-03;285965;169589;558;0;0;16500128;6702296;7884;1;1
FR;0;2021-05-04;312704;224254;830;0;0;16812832;6926550;8714;1;1
FR;0;2021-05-05;323167;224482;812;0;0;17135999;7151032;9526;1;1
FR;0;2021-05-06;376019;239133;1137;0;0;17512018;7390165;10663;1;1
FR;0;2021-05-07;370077;257272;791;0;0;17882095;7647437;11454;1;1
FR;0;2021-05-08;220714;66897;157;0;0;18102809;7714334;11611;1;1
FR;0;2021-05-09;128890;46740;98;0;0;18231699;7761074;11709;1;1
FR;0;2021-05-10;308990;228960;741;0;0;18540689;7990034;12450;1;1
FR;0;2021-05-11;400759;258112;1006;0;0;18941448;8248146;13456;1;1
FR;0;2021-05-12;430366;233192;889;0;0;19371814;8481338;14345;1;1
FR;0;2021-05-13;335691;56871;257;0;0;19707505;8538209;14602;1;1
FR;0;2021-05-14;450638;167490;701;0;0;20158143;8705699;15303;1;1
FR;0;2021-05-15;371633;94008;231;0;0;20529776;8799707;15534;1;1
FR;0;2021-05-16;201442;20824;93;0;0;20731218;8820531;15627;1;1
FR;0;2021-05-17;373262;149130;938;0;0;21104480;8969661;16565;1;1
FR;0;2021-05-18;456043;153156;1204;0;0;21560523;9122817;17769;1;1
FR;0;2021-05-19;464232;145324;1568;0;0;22024755;9268141;19337;1;1
FR;0;2021-05-20;503718;160356;1401;0;0;22528473;9428497;20738;1;1
FR;0;2021-05-21;486318;174540;1193;0;0;23014791;9603037;21931;1;1
FR;0;2021-05-22;345137;79878;398;0;0;23359928;9682915;22329;1;1
FR;0;2021-05-23;160688;14437;148;0;0;23520616;9697352;22477;1;1
FR;0;2021-05-24;261383;33237;362;0;0;23781999;9730589;22839;1;1
FR;0;2021-05-25;397074;189302;1456;0;0;24179073;9919891;24295;1;1
FR;0;2021-05-26;410440;188152;1450;0;0;24589513;10108043;25745;1;1
FR;0;2021-05-27;446711;218683;1412;0;0;25036224;10326726;27157;1;1
FR;0;2021-05-28;426743;259636;1170;0;0;25462967;10586362;28327;1;1
FR;0;2021-05-29;297427;149427;353;0;0;25760394;10735789;28680;1;1
FR;0;2021-05-30;106144;32613;98;0;0;25866538;10768402;28778;1;1
FR;0;2021-05-31;355544;203518;930;0;0;26222082;10971920;29708;1;1
FR;0;2021-06-01;422235;251634;1260;0;0;26644317;11223554;30968;1;1
FR;0;2021-06-02;412250;230874;1223;0;0;27056567;11454428;32191;1;1
FR;0;2021-06-03;458088;258684;1077;0;0;27514655;11713112;33268;1;1
FR;0;2021-06-04;451380;304848;1055;0;0;27966035;12017960;34323;1;1
FR;0;2021-06-05;302150;189066;392;0;0;28268185;12207026;34715;1;1
FR;0;2021-06-06;131362;49119;140;0;0;28399547;12256145;34855;1;1
FR;0;2021-06-07;334288;262416;930;0;0;28733835;12518561;35785;1;1
FR;0;2021-06-08;389597;291272;1049;0;0;29123432;12809833;36834;1;1
FR;0;2021-06-09;380255;275959;1084;0;0;29503687;13085792;37918;1;1
FR;0;2021-06-10;398089;289382;1104;0;0;29901776;13375174;39022;1;1
FR;0;2021-06-11;383524;357567;854;0;0;30285300;13732741;39876;1;1
FR;0;2021-06-12;281053;211485;286;0;0;30566353;13944226;40162;1;1
FR;0;2021-06-13;103785;74070;112;0;0;30670138;14018296;40274;1;1
FR;0;2021-06-14;237903;355952;880;0;0;30908041;14374248;41154;1;1
FR;0;2021-06-15;304427;386071;933;1;1;31212468;14760319;42087;2;2
FR;0;2021-06-16;310468;357779;912;0;0;31522936;15118098;42999;2;2
FR;0;2021-06-17;314319;372238;837;0;0;31837255;15490336;43836;2;2
FR;0;2021-06-18;318922;442794;761;1;1;32156177;15933130;44597;3;3
FR;0;2021-06-19;222955;273968;261;0;0;32379132;16207098;44858;3;3
FR;0;2021-06-20;73266;102618;71;0;0;32452398;16309716;44929;3;3
FR;0;2021-06-21;193110;402117;631;0;0;32645508;16711833;45560;3;3
FR;0;2021-06-22;220642;467376;779;1;1;32866150;17179209;46339;4;4
FR;0;2021-06-23;231208;439925;751;0;0;33097358;17619134;47090;4;4
FR;0;2021-06-24;239275;409344;830;0;0;33336633;18028478;47920;4;4
FR;0;2021-06-25;224394;522362;861;0;0;33561027;18550840;48781;4;4
FR;0;2021-06-26;151730;370845;326;0;0;33712757;18921685;49107;4;4
FR;0;2021-06-27;55078;156404;99;0;0;33767835;19078089;49206;4;4
FR;0;2021-06-28;152667;453268;734;0;0;33920502;19531357;49940;4;4
FR;0;2021-06-29;180721;505662;1985;0;0;34101223;20037019;51925;4;4
FR;0;2021-06-30;201600;481239;1867;3;3;34302823;20518258;53792;7;7
FR;0;2021-07-01;224972;457771;2131;1;1;34527795;20976029;55923;8;8
FR;0;2021-07-02;223181;520504;2046;3;3;34750976;21496533;57969;11;11
FR;0;2021-07-03;140135;368879;895;1;1;34891111;21865412;58864;12;12
FR;0;2021-07-04;55919;141363;262;0;0;34947030;22006775;59126;12;12
FR;0;2021-07-05;164460;419541;1594;3;3;35111490;22426316;60720;15;15
FR;0;2021-07-06;193617;475112;1742;6;6;35305107;22901428;62462;21;21
FR;0;2021-07-07;208871;439547;1749;3;3;35513978;23340975;64211;24;24
FR;0;2021-07-08;228472;424213;2017;0;0;35742450;23765188;66228;24;24
FR;0;2021-07-09;226085;509878;2106;1;1;35968535;24275066;68334;25;25
FR;0;2021-07-10;146765;339756;948;0;0;36115300;24614822;69282;25;25
FR;0;2021-07-11;59357;110113;267;0;0;36174657;24724935;69549;25;25
FR;0;2021-07-12;166540;478264;1711;3;3;36341197;25203199;71260;28;28
FR;0;2021-07-13;284755;527738;1984;3;3;36625952;25730937;73244;31;31
FR;0;2021-07-14;178864;157855;420;0;0;36804816;25888792;73664;31;31
FR;0;2021-07-15;343994;502494;2015;1;1;37148810;26391286;75679;32;32
FR;0;2021-07-16;377438;496193;1956;1;1;37526248;26887479;77635;33;33
FR;0;2021-07-17;258236;320015;839;1;1;37784484;27207494;78474;34;34
FR;0;2021-07-18;109029;115016;304;0;0;37893513;27322510;78778;34;34
FR;0;2021-07-19;283329;425428;1578;2;2;38176842;27747938;80356;36;36
FR;0;2021-07-20;374413;453065;1650;0;0;38551255;28201003;82006;36;36
FR;0;2021-07-21;393263;408396;1499;2;2;38944518;28609399;83505;38;38
FR;0;2021-07-22;438310;388383;1659;1;1;39382828;28997782;85164;39;39
FR;0;2021-07-23;436441;422824;1809;3;3;39819269;29420606;86973;42;42
FR;0;2021-07-24;284211;269942;768;0;0;40103480;29690548;87741;42;42
FR;0;2021-07-25;120416;80184;222;0;0;40223896;29770732;87963;42;42
FR;0;2021-07-26;345568;323664;1571;2;2;40569464;30094396;89534;44;44
FR;0;2021-07-27;461353;320554;1648;3;3;41030817;30414950;91182;47;47
FR;0;2021-07-28;456707;290158;1597;1;1;41487524;30705108;92779;48;48
FR;0;2021-07-29;487020;276593;1752;1;1;41974544;30981701;94531;49;49
FR;0;2021-07-30;459479;302615;1890;3;3;42434023;31284316;96421;52;52
FR;0;2021-07-31;284308;184887;877;0;0;42718331;31469203;97298;52;52
FR;0;2021-08-01;110219;49993;223;0;0;42828550;31519196;97521;52;52
FR;0;2021-08-02;336995;234109;1554;1;1;43165545;31753305;99075;53;53
FR;0;2021-08-03;393832;245123;1636;0;0;43559377;31998428;100711;53;53
FR;0;2021-08-04;381620;210073;1531;0;0;43940997;32208501;102242;53;53
FR;0;2021-08-05;362988;228545;1656;0;0;44303985;32437046;103898;53;53
FR;0;2021-08-06;356927;271685;1776;0;0;44660912;32708731;105674;53;53
FR;0;2021-08-07;211308;178340;735;1;1;44872220;32887071;106409;54;54
FR;0;2021-08-08;72714;63202;241;0;0;44944934;32950273;106650;54;54
FR;0;2021-08-09;256263;259656;1484;2;2;45201197;33209929;108134;56;56
FR;0;2021-08-10;303202;278213;1588;1;1;45504399;33488142;109722;57;57
FR;0;2021-08-11;276860;260374;1363;1;1;45781259;33748516;111085;58;58
FR;0;2021-08-12;269074;278173;1591;0;0;46050333;34026689;112676;58;58
FR;0;2021-08-13;250033;275266;1539;1;1;46300366;34301955;114215;59;59
FR;0;2021-08-14;144182;197988;711;0;0;46444548;34499943;114926;59;59
FR;0;2021-08-15;37916;50205;181;1;1;46482464;34550148;115107;60;60
FR;0;2021-08-16;184191;318375;1456;0;0;46666655;34868523;116563;60;60
FR;0;2021-08-17;213747;336817;1565;2;2;46880402;35205340;118128;62;62
FR;0;2021-08-18;196941;324682;1530;2;2;47077343;35530022;119658;64;64
FR;0;2021-08-19;190222;325302;1555;1;1;47267565;35855324;121213;65;65
FR;0;2021-08-20;184230;364861;1700;1;1;47451795;36220185;122913;66;66
FR;0;2021-08-21;103879;237981;652;0;0;47555674;36458166;123565;66;66
FR;0;2021-08-22;31545;87187;224;1;1;47587219;36545353;123789;67;67
FR;0;2021-08-23;139645;356914;1499;2;2;47726864;36902267;125288;69;69
FR;0;2021-08-24;161018;376775;1767;1;1;47887882;37279042;127055;70;70
FR;0;2021-08-25;149277;350472;1936;3;3;48037159;37629514;128991;73;73
FR;0;2021-08-26;141263;341967;2479;6;6;48178422;37971481;131470;79;79
FR;0;2021-08-27;146730;387024;2722;6;6;48325152;38358505;134192;85;85
FR;0;2021-08-28;89889;249414;1354;0;0;48415041;38607919;135546;85;85
FR;0;2021-08-29;26898;83168;484;1;1;48441939;38691087;136030;86;86
FR;0;2021-08-30;115988;324536;4615;1;6249;48557927;39015623;140645;87;6335
FR;0;2021-08-31;127673;334487;9987;8;12087;48685600;39350110;150632;95;18422
FR;0;2021-09-01;128662;284912;21908;3;23799;48814262;39635022;172540;98;42221
FR;0;2021-09-02;106605;246903;25896;8;28439;48920867;39881925;198436;106;70660
FR;0;2021-09-03;115364;292241;29445;22;32671;49036231;40174166;227881;128;103331
FR;0;2021-09-04;88524;217411;12389;9;13868;49124755;40391577;240270;137;117199
FR;0;2021-09-05;20905;44991;4292;0;4662;49145660;40436568;244562;137;121861
FR;0;2021-09-06;71766;180678;31550;12;33960;49217426;40617246;276112;149;155821
FR;0;2021-09-07;74848;180988;32537;16;35536;49292274;40798234;308649;165;191357
FR;0;2021-09-08;86284;205776;29197;15;31947;49378558;41004010;337846;180;223304
FR;0;2021-09-09;72834;164741;31912;13;35420;49451392;41168751;369758;193;258724
FR;0;2021-09-10;92504;202973;34634;14;39477;49543896;41371724;404392;207;298201
FR;0;2021-09-11;65382;168674;11873;8;13917;49609278;41540398;416265;215;312118
FR;0;2021-09-12;12334;32084;2668;1;3060;49621612;41572482;418933;216;315178
FR;0;2021-09-13;62167;126244;40075;27;42977;49683779;41698726;459008;243;358155
FR;0;2021-09-14;70679;128776;54574;71;60093;49754458;41827502;513582;314;418248
FR;0;2021-09-15;73262;167360;54361;55;53602;49827720;41994862;567943;369;471850
FR;0;2021-09-16;61635;113972;58456;83;58647;49889355;42108834;626399;452;530497
FR;0;2021-09-17;73380;156322;52660;65;56148;49962735;42265156;679059;517;586645
FR;0;2021-09-18;47576;139143;15360;23;17053;50010311;42404299;694419;540;603698
FR;0;2021-09-19;7535;23784;2321;2;2574;50017846;42428083;696740;542;606272
FR;0;2021-09-20;41757;93577;48751;73;49138;50059603;42521660;745491;615;655410
FR;0;2021-09-21;44672;98329;60895;74;61742;50104275;42619989;806386;689;717152
FR;0;2021-09-22;46947;140962;53692;78;53708;50151222;42760951;860078;767;770860
FR;0;2021-09-23;41909;90527;60041;91;61363;50193131;42851478;920119;858;832223
FR;0;2021-09-24;50978;131570;52983;108;57731;50244109;42983048;973102;966;889954
FR;0;2021-09-25;34169;114725;16021;34;18018;50278278;43097773;989123;1000;907972
FR;0;2021-09-26;5218;17820;2190;4;2259;50283496;43115593;991313;1004;910231
FR;0;2021-09-27;33050;76521;46097;93;47293;50316546;43192114;1037410;1097;957524
FR;0;2021-09-28;35461;74296;53431;70;55366;50352007;43266410;1090841;1167;1012890
FR;0;2021-09-29;43079;100182;51540;87;53293;50395086;43366592;1142381;1254;1066183
FR;0;2021-09-30;34854;70256;55107;84;57886;50429940;43436848;1197488;1338;1124069
FR;0;2021-10-01;48345;98391;56623;94;62509;50478285;43535239;1254111;1432;1186578
FR;0;2021-10-02;35930;77674;20696;36;23067;50514215;43612913;1274807;1468;1209645
FR;0;2021-10-03;4871;10626;2439;4;2486;50519086;43623539;1277246;1472;1212131
FR;0;2021-10-04;28288;57642;51586;70;53898;50547374;43681181;1328832;1542;1266029
FR;0;2021-10-05;29452;63757;59339;121;63474;50576826;43744938;1388171;1663;1329503
FR;0;2021-10-06;38856;78502;64393;102;67058;50615682;43823440;1452564;1765;1396561
FR;0;2021-10-07;28287;61310;63663;82;67190;50643969;43884750;1516227;1847;1463751
FR;0;2021-10-08;43763;91031;76311;107;83311;50687732;43975781;1592538;1954;1547062
FR;0;2021-10-09;32147;60342;31104;31;33435;50719879;44036123;1623642;1985;1580497
FR;0;2021-10-10;3882;7064;3071;9;3347;50723761;44043187;1626713;1994;1583844
FR;0;2021-10-11;27054;49492;59993;103;63166;50750815;44092679;1686706;2097;1647010
FR;0;2021-10-12;28503;53955;68985;131;74411;50779318;44146634;1755691;2228;1721421
FR;0;2021-10-13;37385;62033;73418;124;78335;50816703;44208667;1829109;2352;1799756
FR;0;2021-10-14;27997;52289;67286;105;72409;50844700;44260956;1896395;2457;1872165
FR;0;2021-10-15;41378;74112;91984;180;101852;50886078;44335068;1988379;2637;1974017
FR;0;2021-10-16;29749;43832;36357;42;39323;50915827;44378900;2024736;2679;2013340
FR;0;2021-10-17;3601;5300;3509;2;3600;50919428;44384200;2028245;2681;2016940
FR;0;2021-10-18;25445;40562;66723;110;70718;50944873;44424762;2094968;2791;2087658
FR;0;2021-10-19;25237;43073;75198;124;80708;50970110;44467835;2170166;2915;2168366
FR;0;2021-10-20;32966;51456;95747;167;100471;51003076;44519291;2265913;3082;2268837
FR;0;2021-10-21;24079;44213;82308;99;87561;51027155;44563504;2348221;3181;2356398
FR;0;2021-10-22;35433;61465;103501;184;111252;51062588;44624969;2451722;3365;2467650
FR;0;2021-10-23;25564;39866;45021;56;48171;51088152;44664835;2496743;3421;2515821
FR;0;2021-10-24;2705;4789;3538;6;3822;51090857;44669624;2500281;3427;2519643
FR;0;2021-10-25;24481;35503;81312;118;85747;51115338;44705127;2581593;3545;2605390
FR;0;2021-10-26;22587;34638;85667;118;90847;51137925;44739765;2667260;3663;2696237
FR;0;2021-10-27;28737;45680;107411;183;113153;51166662;44785445;2774671;3846;2809390
FR;0;2021-10-28;21963;34061;86466;140;92385;51188625;44819506;2861137;3986;2901775
FR;0;2021-10-29;29859;50319;114491;176;122631;51218484;44869825;2975628;4162;3024406
FR;0;2021-10-30;19347;32928;49522;72;52663;51237831;44902753;3025150;4234;3077069
FR;0;2021-10-31;2219;3888;3392;3;3724;51240050;44906641;3028542;4237;3080793
FR;0;2021-11-01;1704;3926;2510;3;2856;51241754;44910567;3031052;4240;3083649
FR;0;2021-11-02;22189;39585;90153;149;96389;51263943;44950152;3121205;4389;3180038
